Book,Mishnah Chapter,Start Mishnah,End Mishnah,Start Daf,Start Line,End Daf,End Line
Berakhot,1,1,1,2a,1,2a,5
Berakhot,1,2,2,9b,9,9b,10
Berakhot,1,3,3,10b,37,10b,41
Berakhot,1,4,4,11a,24,11a,25
Berakhot,1,5,5,12b,23,12b,25
Berakhot,2,1,2,13a,16,13a,21
Berakhot,2,3,3,15a,6,15a,8
Berakhot,2,4,5,16a,7,16a,8
Berakhot,2,6,8,16b,5,16b,7
Berakhot,3,1,3,17b,12,17b,15
Berakhot,3,4,4,20b,16,20b,16
Berakhot,3,5,5,22b,13,22b,14
Berakhot,3,6,6,26a,7,26a,7
Berakhot,4,1,1,26a,11,26a,12
Berakhot,4,2,2,28b,3,28b,3
Berakhot,4,3,6,28b,12,28b,15
Berakhot,4,7,7,30a,17,30a,17
Berakhot,5,1,1,30b,14,30b,14
Berakhot,5,2,2,33a,11,33a,11
Berakhot,5,3,3,33b,16,33b,16
Berakhot,5,4,4,34a,2,34a,3
Berakhot,5,5,5,34b,12,34b,12
Berakhot,6,1,1,35a,1,35a,1
Berakhot,6,2,2,40a,12,40a,12
Berakhot,6,3,4,40b,12,40b,13
Berakhot,6,5,6,42a,9,42b,1
Berakhot,6,7,7,44a,1,44a,1
Berakhot,6,8,8,44a,8,44a,8
Berakhot,7,1,2,45a,4,45a,5
Berakhot,7,3,3,49b,11,49b,15
Berakhot,7,4,5,50a,17,50a,19
Berakhot,8,1,8,51b,11,51b,20
Berakhot,9,1,5,54a,1,54a,9
Shabbat,1,1,1,2a,1,2a,6
Shabbat,1,2,2,9b,1,9b,1
Shabbat,1,3,3,11a,10,11a,10
Shabbat,1,4,4,13b,2,13b,2
Shabbat,1,5,9,17b,6,18a,1
Shabbat,1,10,11,19b,6,20a,1
Shabbat,2,1,1,20b,5,20b,5
Shabbat,2,2,2,24b,5,24b,5
Shabbat,2,3,3,27b,7,27b,7
Shabbat,2,3,3,28b,8,28b,8
Shabbat,2,4,4,29b,3,29b,3
Shabbat,2,5,5,29b,12,29b,12
Shabbat,2,6,6,31b,9,31b,9
Shabbat,2,7,7,34a,3,34a,3
Shabbat,3,1,1,36b,3,36b,3
Shabbat,3,2,2,38b,5,38b,5
Shabbat,3,3,4,38b,10,38b,11
Shabbat,3,4,4,41a,7,41a,7
Shabbat,3,5,5,41a,9,41a,9
Shabbat,3,5,5,42a,8,42b,1
Shabbat,3,6,6,42b,6,42b,6
Shabbat,3,6,6,44a,3,44a,3
Shabbat,3,6,6,47b,3,47b,3
Shabbat,4,1,1,47b,8,47b,9
Shabbat,4,1,1,49a,5,49a,5
Shabbat,4,2,2,49a,11,49a,12
Shabbat,4,2,2,51a,2,51a,2
Shabbat,5,1,1,51b,7,51b,9
Shabbat,5,2,2,52b,19,52b,20
Shabbat,5,3,3,54a,9,54a,10
Shabbat,5,4,4,54b,2,54b,4
Shabbat,6,1,1,57a,1,57a,5
Shabbat,6,2,2,60a,7,60a,7
Shabbat,6,3,3,62a,7,62a,8
Shabbat,6,4,4,63a,3,63a,7
Shabbat,6,5,5,64b,3,64b,7
Shabbat,6,6,7,65a,12,65a,12
Shabbat,6,8,8,65b,10,66a,5
Shabbat,6,9,9,66b,6,66b,6
Shabbat,6,10,10,67a,11,67a,11
Shabbat,7,1,1,67b,17,68a,1
Shabbat,7,2,2,73a,6,73a,9
Shabbat,7,3,3,75b,7,75b,7
Shabbat,7,4,4,76a,2,76a,2
Shabbat,7,4,4,76b,2,76b,2
Shabbat,8,1,1,76b,6,76b,6
Shabbat,8,2,4,78a,9,78b,2
Shabbat,8,5,5,80b,6,80b,6
Shabbat,8,6,6,81a,1,81a,1
Shabbat,8,7,7,82a,8,82a,8
Shabbat,9,1,2,82a,12,83b,6
Shabbat,9,2,2,84b,4,84b,4
Shabbat,9,3,4,86a,2,86a,2
Shabbat,9,5,5,89b,7,89b,7
Shabbat,9,6,6,90a,6,90a,6
Shabbat,9,7,7,90a,11,90b,1
Shabbat,10,1,1,90b,7,90b,7
Shabbat,10,2,2,91b,3,91b,3
Shabbat,10,3,3,92a,5,92a,5
Shabbat,10,4,4,92b,2,92b,2
Shabbat,10,5,5,92b,10,92b,10
Shabbat,10,5,5,93b,7,93b,7
Shabbat,10,6,6,94b,5,94b,5
Shabbat,10,6,6,95a,7,95a,7
Shabbat,11,1,2,96a,4,96a,6
Shabbat,11,2,2,99a,6,99a,6
Shabbat,11,3,3,100a,5,100a,5
Shabbat,11,3,3,100a,9,100a,9
Shabbat,11,4,4,100b,2,100b,2
Shabbat,11,5,5,100b,6,100b,6
Shabbat,11,6,6,102a,1,102a,1
Shabbat,12,1,1,102b,1,102b,1
Shabbat,12,2,2,103a,4,103a,4
Shabbat,12,3,3,103a,8,103a,8
Shabbat,12,4,5,104b,1,104b,2
Shabbat,12,6,6,105a,6,105a,6
Shabbat,13,1,2,105a,9,105a,9
Shabbat,13,3,4,105b,2,105b,2
Shabbat,13,5,5,106a,7,106b,1
Shabbat,13,6,6,106b,10,106b,10
Shabbat,13,7,7,106b,12,106b,12
Shabbat,14,1,1,107a,5,107a,5
Shabbat,14,2,2,108a,13,108b,1
Shabbat,14,3,3,109b,4,109b,4
Shabbat,14,4,4,111a,3,111a,3
Shabbat,15,1,1,111b,5,111b,5
Shabbat,15,2,2,111b,8,111b,8
Shabbat,15,2,2,113a,2,113a,2
Shabbat,15,3,3,113a,11,113a,11
Shabbat,16,1,1,115a,3,115a,3
Shabbat,16,1,1,116b,6,116b,6
Shabbat,16,2,2,117b,2,117b,2
Shabbat,16,3,4,120a,2,120a,3
Shabbat,16,5,5,120a,9,120a,9
Shabbat,16,6,6,121a,3,121a,3
Shabbat,16,7,7,121a,7,121a,7
Shabbat,16,8,8,122a,4,122a,4
Shabbat,17,1,2,122b,4,122b,6
Shabbat,17,3,3,123b,3,123b,3
Shabbat,17,4,4,123b,5,123b,5
Shabbat,17,4,4,124a,6,124a,6
Shabbat,17,5,5,124b,9,124b,11
Shabbat,17,6,7,125a,16,125b,2
Shabbat,17,8,8,126b,6,126b,6
Shabbat,18,1,2,126b,11,126b,14
Shabbat,18,2,2,128b,2,128b,3
Shabbat,18,3,3,128b,13,128b,13
Shabbat,19,1,1,130a,1,130a,3
Shabbat,19,2,2,133a,18,133a,20
Shabbat,19,3,3,134b,1,134b,2
Shabbat,19,4,4,137a,4,137a,5
Shabbat,19,5,5,137a,20,137a,23
Shabbat,19,6,6,137a,28,137b,1
Shabbat,20,1,1,137b,11,137b,11
Shabbat,20,2,2,139b,10,139b,11
Shabbat,20,3,3,140a,11,140a,12
Shabbat,20,4,4,140b,20,140b,20
Shabbat,20,5,5,141a,3,141a,4
Shabbat,21,1,1,141b,19,141b,20
Shabbat,21,2,2,142b,3,142b,4
Shabbat,21,3,3,143a,3,143a,5
Shabbat,22,1,1,143b,1,143b,1
Shabbat,22,2,2,145b,6,145b,6
Shabbat,22,3,3,146a,3,146a,3
Shabbat,22,4,4,146b,11,146b,11
Shabbat,22,5,6,147a,11,147a,12
Shabbat,23,1,1,148a,5,148a,5
Shabbat,23,2,2,148b,19,148b,19
Shabbat,23,3,3,150a,3,150a,3
Shabbat,23,4,4,151a,5,151a,5
Shabbat,23,5,5,151a,11,151b,1
Shabbat,23,5,5,151b,6,151b,6
Shabbat,24,1,1,153a,11,153a,11
Shabbat,24,2,2,155a,5,155a,5
Shabbat,24,3,3,155b,3,155b,3
Shabbat,24,4,4,156b,7,156b,7
Shabbat,24,5,5,157a,5,157a,5
Eruvin,1,1,1,2a,1,2a,2
Eruvin,1,2,2,11b,19,11b,20
Eruvin,1,3,5,13b,15,13b,17
Eruvin,1,6,6,14b,10,14b,10
Eruvin,1,7,7,15a,20,15b,1
Eruvin,1,8,8,15b,10,15b,11
Eruvin,1,9,10,16b,8,16b,12
Eruvin,1,10,10,17a,15,17a,15
Eruvin,2,1,3,17b,15,18a,2
Eruvin,2,4,4,22a,19,22a,19
Eruvin,2,4,4,22b,20,22b,22
Eruvin,2,5,6,23a,5,23a,10
Eruvin,3,1,1,26b,17,27a,1
Eruvin,3,2,2,31a,10,31a,11
Eruvin,3,2,2,31b,14,31b,14
Eruvin,3,3,3,32b,3,32b,3
Eruvin,3,3,3,34b,4,34b,4
Eruvin,3,3,3,34b,13,34b,13
Eruvin,3,4,4,35a,11,35a,13
Eruvin,3,5,5,36b,3,36b,4
Eruvin,3,6,6,38a,2,38a,6
Eruvin,3,7,9,39a,8,39a,11
Eruvin,4,1,2,41b,6,41b,11
Eruvin,4,3,3,44b,8,44b,9
Eruvin,4,4,4,45a,20,45a,21
Eruvin,4,5,6,45a,24,45b,3
Eruvin,4,7,9,49b,5,49b,9
Eruvin,4,10,10,52a,6,52a,7
Eruvin,4,11,11,52b,6,52b,6
Eruvin,4,11,11,52b,13,52b,13
Eruvin,5,1,1,52b,16,53a,1
Eruvin,5,2,3,57a,11,57a,12
Eruvin,5,4,4,57b,15,58a,2
Eruvin,5,5,5,58b,12,58b,13
Eruvin,5,6,6,59a,6,59a,7
Eruvin,5,7,7,60a,18,60b,1
Eruvin,5,8,9,61a,20,61a,23
Eruvin,6,1,2,61b,11,61b,14
Eruvin,6,3,4,69b,10,69b,12
Eruvin,6,5,5,71a,13,71a,14
Eruvin,6,6,6,72a,5,72a,6
Eruvin,6,7,7,72b,12,72b,13
Eruvin,6,8,8,73a,18,73b,3
Eruvin,6,9,10,75a,4,75a,8
Eruvin,7,1,1,76a,7,76a,8
Eruvin,7,2,2,76b,12,76b,14
Eruvin,7,3,4,78b,14,78b,15
Eruvin,7,5,5,79a,8,79a,8
Eruvin,7,6,6,79b,10,79b,11
Eruvin,7,7,9,80b,5,80b,8
Eruvin,7,10,10,80b,19,80b,19
Eruvin,7,11,11,81a,17,81b,2
Eruvin,8,1,1,82a,10,82a,10
Eruvin,8,2,2,82b,13,82b,15
Eruvin,8,3,3,83b,4,83b,6
Eruvin,8,4,4,85b,9,85b,10
Eruvin,8,5,5,86a,6,86a,8
Eruvin,8,6,6,86a,10,86a,11
Eruvin,8,7,7,87a,9,87a,10
Eruvin,8,8,8,87b,15,87b,16
Eruvin,8,9,11,88a,16,88a,19
Eruvin,9,1,1,89a,4,89a,5
Eruvin,9,2,2,92a,8,92a,8
Eruvin,9,2,2,94a,8,94a,9
Eruvin,9,3,3,94a,22,94a,23
Eruvin,9,4,4,95a,13,95a,14
Eruvin,10,1,2,95a,22,95b,3
Eruvin,10,3,3,97b,18,97b,20
Eruvin,10,4,4,98b,6,98b,6
Eruvin,10,4,5,98b,13,98b,15
Eruvin,10,6,6,99a,18,99a,18
Eruvin,10,6,6,99b,5,99b,5
Eruvin,10,7,7,99b,10,99b,11
Eruvin,10,8,8,99b,21,99b,22
Eruvin,10,8,8,101a,1,101a,1
Eruvin,10,9,9,101a,11,101a,12
Eruvin,10,10,10,101b,13,101b,14
Eruvin,10,11,11,102a,2,102a,3
Eruvin,10,12,12,102b,5,102b,5
Eruvin,10,13,13,102b,8,102b,8
Eruvin,10,13,13,102b,14,102b,14
Eruvin,10,13,13,103a,6,103a,6
Eruvin,10,14,14,103b,8,103b,8
Eruvin,10,14,14,104a,5,104a,5
Eruvin,10,15,15,104b,6,104b,9
Pesachim,1,1,1,2a,1,2a,1
Pesachim,1,2,2,9a,1,9a,1
Pesachim,1,3,3,10b,13,10b,14
Pesachim,1,4,5,11b,7,11b,9
Pesachim,1,6,7,14a,2,14a,5
Pesachim,2,1,1,21a,8,21a,8
Pesachim,2,2,2,28a,10,28a,10
Pesachim,2,3,3,30b,12,30b,12
Pesachim,2,3,3,31b,7,31b,7
Pesachim,2,4,4,31b,10,31b,10
Pesachim,2,5,5,35a,4,35a,5
Pesachim,2,6,6,39a,1,39a,2
Pesachim,2,7,7,39b,12,39b,12
Pesachim,2,8,8,40b,13,40b,15
Pesachim,3,1,1,42a,15,42a,17
Pesachim,3,2,2,45a,11,45a,12
Pesachim,3,2,2,46a,7,46a,7
Pesachim,3,3,3,46a,13,46b,1
Pesachim,3,4,4,48b,7,48b,9
Pesachim,3,5,5,48b,12,48b,13
Pesachim,3,6,6,49a,1,49a,1
Pesachim,3,7,8,49a,3,49a,6
Pesachim,4,1,2,50a,23,50b,1
Pesachim,4,3,4,53a,11,53a,12
Pesachim,4,4,4,53b,10,53b,10
Pesachim,4,5,5,54b,4,54b,4
Pesachim,4,5,5,55a,5,55a,5
Pesachim,4,6,6,55a,12,55a,12
Pesachim,4,7,7,55b,5,55b,5
Pesachim,4,8,8,55b,15,56a,1
Pesachim,4,9,9,56a,2,56a,3
Pesachim,5,1,1,58a,1,58a,1
Pesachim,5,2,2,59b,11,59b,12
Pesachim,5,3,3,61a,5,61a,6
Pesachim,5,4,4,63a,7,63a,8
Pesachim,5,5,10,64a,11,64b,2
Pesachim,6,1,2,65b,10,66a,2
Pesachim,6,3,4,69b,12,69b,13
Pesachim,6,5,6,71b,7,71b,14
Pesachim,7,1,2,74a,1,74a,1
Pesachim,7,2,3,75b,10,75b,11
Pesachim,7,4,4,76b,11,76b,11
Pesachim,7,5,5,78b,4,78b,4
Pesachim,7,6,6,79a,13,79a,13
Pesachim,7,7,7,80b,4,80b,5
Pesachim,7,8,8,81b,21,81b,21
Pesachim,7,9,9,82a,11,82a,11
Pesachim,7,10,10,83a,4,83a,4
Pesachim,7,11,11,84a,3,84a,3
Pesachim,7,11,11,84a,12,84a,12
Pesachim,7,12,12,85b,5,85b,6
Pesachim,7,13,13,86a,14,86a,14
Pesachim,8,1,1,87a,1,87a,2
Pesachim,8,2,2,88b,3,88b,5
Pesachim,8,3,3,89a,15,89a,15
Pesachim,8,3,3,89a,20,89a,20
Pesachim,8,4,4,89b,1,89b,1
Pesachim,8,5,5,90a,19,90a,21
Pesachim,8,6,6,90b,27,91a,3
Pesachim,8,7,7,91a,8,91a,9
Pesachim,8,8,8,91b,17,92a,2
Pesachim,9,1,1,92b,4,92b,4
Pesachim,9,2,2,93b,10,93b,10
Pesachim,9,3,3,95a,1,95a,1
Pesachim,9,4,4,95b,10,95b,11
Pesachim,9,5,5,96a,6,96a,6
Pesachim,9,6,6,96b,3,96b,5
Pesachim,9,7,7,97b,8,98a,1
Pesachim,9,8,8,98a,12,98a,13
Pesachim,9,9,11,98b,5,98b,14
Pesachim,10,1,1,99b,1,99b,1
Pesachim,10,2,2,114a,4,114a,4
Pesachim,10,3,3,114a,10,114a,10
Pesachim,10,4,4,116a,5,116a,7
Pesachim,10,5,6,116a,13,116b,6
Pesachim,10,7,7,117b,19,117b,19
Pesachim,10,8,8,119b,8,119b,8
Pesachim,10,8,9,120a,15,120b,1
Pesachim,10,9,9,121a,4,121a,4
Rosh Hashanah,1,1,1,2a,1,2a,4
Rosh Hashanah,1,2,2,16a,1,16a,1
Rosh Hashanah,1,3,3,18a,15,18a,16
Rosh Hashanah,1,4,4,21b,1,21b,1
Rosh Hashanah,1,5,6,21b,8,21b,9
Rosh Hashanah,1,7,7,22a,2,22a,3
Rosh Hashanah,1,8,8,22a,8,22a,8
Rosh Hashanah,1,9,9,22a,10,22a,11
Rosh Hashanah,2,1,1,22a,13,22a,13
Rosh Hashanah,2,2,4,22b,11,22b,13
Rosh Hashanah,2,5,5,23b,6,23b,8
Rosh Hashanah,2,6,6,23b,11,23b,12
Rosh Hashanah,2,7,7,24a,9,24a,10
Rosh Hashanah,2,8,8,24a,18,24a,18
Rosh Hashanah,2,8,9,24b,14,25a,6
Rosh Hashanah,3,1,1,25b,7,25b,8
Rosh Hashanah,3,2,2,26a,3,26a,3
Rosh Hashanah,3,3,5,26b,7,26b,9
Rosh Hashanah,3,6,7,27a,18,27b,2
Rosh Hashanah,3,8,8,29a,6,29a,8
Rosh Hashanah,4,1,2,29b,5,29b,6
Rosh Hashanah,4,3,3,30a,16,30a,17
Rosh Hashanah,4,4,4,30b,5,30b,8
Rosh Hashanah,4,4,4,31b,3,31b,3
Rosh Hashanah,4,5,5,32a,2,32a,4
Rosh Hashanah,4,6,6,32a,16,32a,16
Rosh Hashanah,4,6,6,32a,23,32a,23
Rosh Hashanah,4,7,7,32b,18,32b,18
Rosh Hashanah,4,8,8,32b,23,32b,24
Rosh Hashanah,4,9,9,33b,5,33b,7
Yoma,1,1,1,2a,1,2a,2
Yoma,1,2,2,14a,3,14a,3
Yoma,1,3,4,18a,7,18a,7
Yoma,1,5,6,18b,6,18b,7
Yoma,1,7,7,19b,11,19b,11
Yoma,1,8,8,20a,2,20a,2
Yoma,2,1,2,22a,1,22a,3
Yoma,2,3,3,25a,9,25a,11
Yoma,2,4,4,26a,2,26a,2
Yoma,2,5,5,26b,2,26b,3
Yoma,2,6,7,26b,13,26b,14
Yoma,3,1,2,28a,10,28a,11
Yoma,3,3,4,30a,6,30a,6
Yoma,3,4,5,31b,3,31b,5
Yoma,3,6,7,34b,7,34b,8
Yoma,3,8,8,35b,14,35b,15
Yoma,3,9,10,37a,4,37a,6
Yoma,3,8,11,38a,5,38a,6
Yoma,4,1,1,39a,6,39a,7
Yoma,4,2,2,41b,9,41b,10
Yoma,4,3,6,43b,9,43b,16
Yoma,5,1,1,47a,1,47a,1
Yoma,5,1,1,51b,5,51b,5
Yoma,5,1,1,52b,8,52b,9
Yoma,5,2,4,53b,10,53b,13
Yoma,5,5,6,58b,1,58b,3
Yoma,5,6,7,60a,9,60a,10
Yoma,6,1,1,62a,8,62a,11
Yoma,6,2,4,66a,10,66a,12
Yoma,6,4,6,66b,20,67a,2
Yoma,6,7,7,67b,13,67b,14
Yoma,6,8,8,68b,7,68b,9
Yoma,7,1,2,68b,12,68b,15
Yoma,7,3,4,70a,11,70a,16
Yoma,7,5,5,71b,4,71b,4
Yoma,8,1,2,73b,13,73b,14
Yoma,8,3,3,81a,7,81a,7
Yoma,8,4,4,82a,1,82a,1
Yoma,8,5,5,82a,8,82a,8
Yoma,8,6,7,83a,11,83a,13
Yoma,8,8,9,85b,7,85b,8
Sukkah,1,1,1,2a,1,2a,2
Sukkah,1,1,1,9a,1,9a,1
Sukkah,1,2,2,9b,1,9b,1
Sukkah,1,3,3,10a,13,10a,13
Sukkah,1,4,4,11a,9,11a,10
Sukkah,1,5,5,12a,8,12a,8
Sukkah,1,6,6,14a,10,14a,10
Sukkah,1,7,7,15a,1,15a,1
Sukkah,1,8,8,15a,13,15a,13
Sukkah,1,9,9,16a,9,16a,9
Sukkah,1,9,10,17a,1,17a,3
Sukkah,1,11,11,19b,2,19b,2
Sukkah,1,11,11,19b,8,19b,8
Sukkah,2,1,1,20b,10,20b,11
Sukkah,2,2,2,21b,10,21b,10
Sukkah,2,2,2,22a,1,22a,1
Sukkah,2,3,3,22b,9,23a,1
Sukkah,2,4,4,25a,4,25a,4
Sukkah,2,5,5,26b,8,26b,9
Sukkah,2,6,6,27a,3,27a,4
Sukkah,2,7,8,28a,8,28a,9
Sukkah,2,9,9,28b,8,28b,8
Sukkah,3,1,1,29b,4,29b,4
Sukkah,3,2,2,32b,13,32b,13
Sukkah,3,3,3,33b,15,33b,15
Sukkah,3,4,4,34b,2,34b,2
Sukkah,3,5,7,34b,8,34b,9
Sukkah,3,8,8,36b,8,36b,8
Sukkah,3,9,9,37b,7,37b,7
Sukkah,3,9,9,38a,2,38a,2
Sukkah,3,10,11,38a,8,38a,8
Sukkah,3,11,11,39a,4,39a,4
Sukkah,3,12,12,41a,6,41a,7
Sukkah,3,13,14,41b,4,41b,4
Sukkah,3,15,15,42a,7,42a,8
Sukkah,4,1,4,42b,5,42b,9
Sukkah,4,5,7,45a,2,45a,3
Sukkah,4,8,8,48a,2,48a,2
Sukkah,4,8,8,48a,5,48a,5
Sukkah,4,9,10,48a,9,48b,3
Sukkah,5,1,1,50a,6,50a,6
Sukkah,5,1,4,51a,16,51b,3
Sukkah,5,5,5,53b,7,53b,9
Sukkah,5,6,6,55b,1,55b,4
Sukkah,5,7,7,55b,12,55b,13
Sukkah,5,7,8,56a,15,56a,16
Beitzah,1,1,2,2a,1,2a,2
Beitzah,1,3,3,9a,4,9a,4
Beitzah,1,3,3,10a,10,10a,10
Beitzah,1,4,4,10b,2,10b,3
Beitzah,1,5,5,11a,8,11a,8
Beitzah,1,5,5,11b,3,11b,3
Beitzah,1,5,5,12a,2,12a,2
Beitzah,1,6,6,12b,4,12b,6
Beitzah,1,7,7,14a,3,14a,3
Beitzah,1,8,8,14b,4,14b,4
Beitzah,1,9,9,14b,9,14b,9
Beitzah,1,10,10,14b,12,14b,12
Beitzah,2,1,1,15b,1,15b,3
Beitzah,2,2,3,17b,14,17b,15
Beitzah,2,4,4,19a,11,19a,11
Beitzah,2,5,5,21b,12,21b,12
Beitzah,2,6,6,21b,15,21b,15
Beitzah,2,7,7,22b,9,22b,9
Beitzah,2,8,8,23a,8,23a,10
Beitzah,2,9,9,23b,1,23b,1
Beitzah,2,10,10,23b,3,23b,4
Beitzah,3,1,1,23b,11,24a,1
Beitzah,3,2,2,24a,18,24a,18
Beitzah,3,3,3,25a,10,25a,11
Beitzah,3,4,4,25b,16,26a,1
Beitzah,3,5,5,27b,4,27b,4
Beitzah,3,6,6,27b,11,27b,11
Beitzah,3,6,6,28a,1,28a,1
Beitzah,3,7,7,28a,13,28a,13
Beitzah,3,7,7,28b,15,28b,15
Beitzah,3,8,8,29a,2,29a,3
Beitzah,3,8,8,29b,6,29b,6
Beitzah,4,1,1,29b,10,30a,1
Beitzah,4,2,2,30b,1,30b,1
Beitzah,4,2,2,31a,1,31a,1
Beitzah,4,3,3,31a,8,31a,8
Beitzah,4,3,3,31b,6,31b,6
Beitzah,4,4,4,32a,8,32a,8
Beitzah,4,5,5,32b,7,32b,9
Beitzah,4,6,7,33a,8,33a,9
Beitzah,4,7,7,34a,12,34b,1
Beitzah,5,1,1,35b,7,35b,7
Beitzah,5,2,2,36b,8,36b,12
Beitzah,5,3,4,37a,18,37a,20
Beitzah,5,5,5,39a,4,39a,4
Beitzah,5,5,5,39a,12,39a,12
Beitzah,5,6,7,39b,11,40a,1
Beitzah,5,7,7,40a,14,40a,14
Taanit,1,1,2,2a,1,2a,3
Taanit,1,2,2,5a,3,5a,3
Taanit,1,3,3,10a,11,10a,11
Taanit,1,4,4,10a,16,10a,16
Taanit,1,5,7,12b,9,12b,11
Taanit,2,1,10,15a,4,15b,9
Taanit,3,1,9,18b,14,19a,11
Taanit,4,1,8,26a,3,26b,6
Megillah,1,1,2,2a,1,2a,4
Megillah,1,3,3,5a,5,5a,7
Megillah,1,4,4,6b,13,6b,13
Megillah,1,5,5,7b,16,7b,16
Megillah,1,6,6,8a,1,8a,1
Megillah,1,6,6,8a,4,8a,4
Megillah,1,7,7,8b,6,8b,7
Megillah,1,8,8,8b,19,8b,20
Megillah,1,9,9,9b,6,9b,7
Megillah,1,10,10,9b,15,9b,15
Megillah,1,11,11,9b,18,10a,1
Megillah,2,1,2,17a,9,17a,11
Megillah,2,3,3,19a,4,19a,5
Megillah,2,4,4,19b,6,19b,6
Megillah,2,4,4,20a,7,20a,7
Megillah,2,5,6,20b,6,20b,10
Megillah,4,1,2,21a,10,21a,13
Megillah,4,3,3,23b,4,23b,5
Megillah,4,4,4,23b,17,24a,2
Megillah,4,5,6,24a,10,24a,13
Megillah,4,7,7,24b,8,24b,8
Megillah,4,8,8,24b,15,24b,16
Megillah,4,9,9,24b,20,25a,2
Megillah,4,10,10,25a,16,25a,17
Megillah,3,1,1,25b,20,26a,3
Megillah,3,1,1,27b,2,27b,2
Megillah,3,2,2,27b,5,27b,5
Megillah,3,3,3,28a,22,28a,24
Megillah,3,4,4,29a,17,29a,19
Megillah,3,5,6,30b,9,31a,3
Moed Katan,1,1,2,2a,1,2a,3
Moed Katan,1,3,3,6b,5,6b,5
Moed Katan,1,4,4,6b,12,6b,13
Moed Katan,1,5,5,7a,12,7a,12
Moed Katan,1,5,5,8a,12,8a,14
Moed Katan,1,6,6,8b,2,8b,2
Moed Katan,1,7,8,8b,7,8b,8
Moed Katan,1,9,9,10a,11,10a,11
Moed Katan,1,10,10,11a,4,11a,6
Moed Katan,2,1,1,11b,1,11b,2
Moed Katan,2,2,2,12a,12,12a,12
Moed Katan,2,3,3,12b,18,12b,18
Moed Katan,2,4,4,13a,6,13a,6
Moed Katan,2,4,4,13a,14,13a,14
Moed Katan,2,5,5,13b,3,13b,3
Moed Katan,3,1,2,13b,15,14a,2
Moed Katan,3,3,3,18b,4,18b,5
Moed Katan,3,4,4,18b,23,19a,1
Moed Katan,3,5,6,19a,6,19a,9
Moed Katan,3,7,7,24b,12,24b,12
Moed Katan,3,7,8,27a,20,27a,21
Moed Katan,3,8,9,28b,1,28b,4
Chagigah,1,1,2,2a,1,2a,3
Chagigah,1,3,4,7b,3,7b,4
Chagigah,1,5,5,8b,4,8b,5
Chagigah,1,6,7,9a,3,9a,6
Chagigah,1,8,8,10a,4,10a,5
Chagigah,2,1,1,11b,6,11b,7
Chagigah,2,2,2,16a,18,16b,1
Chagigah,2,3,4,17a,2,17a,4
Chagigah,2,5,7,18b,1,18b,4
Chagigah,3,1,3,20b,7,21a,1
Chagigah,3,4,4,24b,12,25a,1
Chagigah,3,5,5,25b,17,25b,17
Chagigah,3,6,6,26a,5,26a,5
Chagigah,3,7,7,26a,11,26a,11
Chagigah,3,7,7,26a,16,26a,16
Chagigah,3,8,8,26a,18,26b,2
Yevamot,1,1,2,2a,1,2b,8
Yevamot,1,3,4,13a,15,13b,2
Yevamot,2,1,1,17a,11,17a,12
Yevamot,2,2,2,18b,5,18b,6
Yevamot,2,3,4,20a,6,20a,8
Yevamot,2,5,5,22a,11,22a,11
Yevamot,2,6,7,23b,1,23b,5
Yevamot,2,8,8,24a,4,24a,4
Yevamot,2,8,8,24b,2,24b,2
Yevamot,2,9,9,25a,8,25a,8
Yevamot,2,10,10,25b,7,25b,7
Yevamot,2,10,10,26a,2,26a,3
Yevamot,3,1,3,26a,15,26a,19
Yevamot,3,4,4,28b,21,28b,22
Yevamot,3,5,5,29a,5,29a,6
Yevamot,3,6,6,30a,1,30a,1
Yevamot,3,6,7,30a,7,30a,7
Yevamot,3,7,7,30a,12,30a,12
Yevamot,3,8,8,30b,7,30b,8
Yevamot,3,9,9,31b,12,31b,13
Yevamot,3,9,9,32a,6,32a,6
Yevamot,3,10,10,33b,9,33b,10
Yevamot,4,1,2,35b,1,35b,5
Yevamot,4,3,4,38a,9,38a,11
Yevamot,4,5,6,39a,18,39a,19
Yevamot,4,7,7,40a,12,40a,12
Yevamot,4,7,7,40a,27,40b,3
Yevamot,4,8,9,41a,2,41a,4
Yevamot,4,10,10,41a,18,41b,1
Yevamot,4,11,11,43b,13,44a,1
Yevamot,4,12,12,44a,15,44a,16
Yevamot,4,13,13,49a,1,49a,3
Yevamot,5,1,6,50a,6,50b,5
Yevamot,6,1,1,53b,8,53b,9
Yevamot,6,2,3,56b,13,56b,14
Yevamot,6,4,4,59a,7,59a,7
Yevamot,6,4,4,61a,6,61a,6
Yevamot,6,4,4,61a,9,61a,9
Yevamot,6,5,5,61a,12,61a,12
Yevamot,6,6,6,61b,15,61b,15
Yevamot,6,6,6,64a,3,64a,3
Yevamot,6,6,6,65b,3,65b,3
Yevamot,7,1,2,66a,4,66a,6
Yevamot,7,3,3,67a,4,67a,5
Yevamot,7,4,4,67b,10,67b,12
Yevamot,7,5,6,69a,19,69b,4
Yevamot,8,1,2,70a,12,70a,14
Yevamot,8,2,2,76a,10,76a,10
Yevamot,8,3,3,78b,5,78b,5
Yevamot,8,4,5,79b,3,79b,8
Yevamot,8,6,6,81a,3,81a,4
Yevamot,9,1,3,84a,5,84a,12
Yevamot,9,4,4,85b,11,85b,12
Yevamot,9,5,6,86b,8,87a,2
Yevamot,10,1,2,87b,9,87b,15
Yevamot,10,3,3,92a,12,92a,14
Yevamot,10,4,4,94a,12,94b,2
Yevamot,10,5,6,96a,4,96a,8
Yevamot,10,7,7,96b,1,96b,1
Yevamot,10,8,9,96b,5,96b,6
Yevamot,11,1,1,97a,9,97a,9
Yevamot,11,2,2,97b,8,97b,8
Yevamot,11,3,3,98b,8,98b,9
Yevamot,11,4,5,99a,10,99b,4
Yevamot,11,6,7,100a,14,100b,5
Yevamot,12,1,2,101a,9,101a,10
Yevamot,12,2,2,104a,4,104a,4
Yevamot,12,3,5,104a,16,104b,2
Yevamot,12,6,6,106b,1,106b,3
Yevamot,13,1,1,107a,1,107a,4
Yevamot,13,2,3,107b,15,107b,17
Yevamot,13,4,5,108a,18,108b,2
Yevamot,13,6,6,108b,19,109a,1
Yevamot,13,7,7,109a,13,109a,16
Yevamot,13,8,8,110a,8,110a,9
Yevamot,13,9,11,111a,15,111b,6
Yevamot,13,12,13,111b,10,111b,12
Yevamot,14,1,4,112b,5,112b,17
Yevamot,15,1,1,114b,11,114b,12
Yevamot,15,2,2,116b,5,116b,6
Yevamot,15,3,3,116b,17,117a,2
Yevamot,15,4,4,117a,8,117a,9
Yevamot,15,4,4,117b,4,117b,4
Yevamot,15,5,5,117b,13,118a,1
Yevamot,15,6,6,118a,6,118a,8
Yevamot,15,7,7,118b,1,118b,2
Yevamot,15,8,10,118b,10,118b,13
Yevamot,16,1,1,119a,1,119a,2
Yevamot,16,2,2,119b,10,119b,12
Yevamot,16,3,3,120a,8,120a,9
Yevamot,16,4,4,121a,7,121a,8
Yevamot,16,5,5,121b,9,121b,10
Yevamot,16,6,6,122a,5,122a,6
Yevamot,16,7,7,122a,11,122a,13
Yevamot,16,7,7,122a,16,122a,17
Ketubot,1,1,1,2a,1,2a,1
Ketubot,1,2,2,10b,8,10b,8
Ketubot,1,2,2,11a,2,11a,2
Ketubot,1,3,4,11a,15,11b,2
Ketubot,1,5,5,12a,7,12a,7
Ketubot,1,5,5,12a,14,12a,14
Ketubot,1,6,6,12b,5,12b,5
Ketubot,1,7,7,13a,2,13a,2
Ketubot,1,8,9,13a,10,13a,11
Ketubot,1,10,10,14b,12,14b,12
Ketubot,2,1,2,15b,12,16a,1
Ketubot,2,3,3,18b,3,18b,3
Ketubot,2,4,4,20b,7,20b,7
Ketubot,2,5,5,22a,5,22a,5
Ketubot,2,6,6,23b,1,23b,1
Ketubot,2,7,8,23b,13,23b,13
Ketubot,2,9,9,26b,6,26b,6
Ketubot,2,9,9,27a,7,27a,7
Ketubot,2,9,9,27b,17,27b,17
Ketubot,2,10,10,28a,8,28a,10
Ketubot,3,1,1,29a,1,29a,2
Ketubot,3,2,2,36b,6,36b,7
Ketubot,3,3,3,38a,6,38a,6
Ketubot,3,4,5,39a,7,39a,8
Ketubot,3,6,6,40a,4,40a,4
Ketubot,3,7,7,40a,8,40a,8
Ketubot,3,8,8,40b,9,40b,9
Ketubot,3,9,9,41a,1,41a,1
Ketubot,4,1,1,41b,11,42a,1
Ketubot,4,2,2,43b,3,43b,3
Ketubot,4,3,3,44a,11,44a,13
Ketubot,4,4,4,46b,2,46b,3
Ketubot,4,5,5,48a,13,48b,1
Ketubot,4,6,6,49a,6,49a,6
Ketubot,4,7,9,51a,8,51a,10
Ketubot,4,10,12,52b,7,52b,8
Ketubot,5,1,1,54b,6,54b,7
Ketubot,5,2,3,57a,10,57b,1
Ketubot,5,4,4,58b,3,58b,3
Ketubot,5,5,5,59b,6,59b,7
Ketubot,5,6,6,61b,9,61b,10
Ketubot,5,7,7,63a,4,63a,4
Ketubot,5,8,9,64b,3,64b,6
Ketubot,6,1,1,65b,13,65b,14
Ketubot,6,2,3,66a,8,66b,1
Ketubot,6,4,4,66b,4,66b,4
Ketubot,6,5,5,67a,11,67a,11
Ketubot,6,6,6,68a,7,68a,8
Ketubot,6,7,7,69b,5,69b,5
Ketubot,7,1,3,70a,7,70a,10
Ketubot,7,4,5,71b,9,71b,11
Ketubot,7,6,6,72a,9,72a,10
Ketubot,7,7,7,72b,8,72b,9
Ketubot,7,8,8,75a,15,75b,1
Ketubot,7,9,9,77a,2,77a,2
Ketubot,7,10,10,77a,8,77a,9
Ketubot,8,1,2,78a,1,78a,4
Ketubot,8,3,4,79a,9,79a,11
Ketubot,8,5,5,79b,11,79b,11
Ketubot,8,5,5,79b,14,79b,14
Ketubot,8,6,8,80b,6,80b,13
Ketubot,9,1,1,83a,1,83a,3
Ketubot,9,2,3,84a,12,84a,13
Ketubot,9,4,4,86b,6,86b,6
Ketubot,9,5,6,86b,12,86b,15
Ketubot,9,7,8,87a,11,87b,1
Ketubot,9,9,9,88b,12,89a,3
Ketubot,9,9,9,89b,16,89b,17
Ketubot,9,9,9,90a,2,90a,2
Ketubot,10,1,1,90a,8,90a,9
Ketubot,10,2,3,91a,13,91a,17
Ketubot,10,4,4,93a,3,93a,5
Ketubot,10,5,5,93b,10,93b,11
Ketubot,10,6,6,95a,3,95a,3
Ketubot,11,1,1,95b,15,95b,15
Ketubot,11,2,2,97a,16,97a,17
Ketubot,11,3,3,97b,10,97b,10
Ketubot,11,4,4,98a,10,98a,13
Ketubot,11,5,5,99b,16,99b,17
Ketubot,11,6,6,100b,20,100b,22
Ketubot,12,1,2,101b,13,101b,17
Ketubot,12,3,3,103a,8,103a,10
Ketubot,12,4,4,104a,9,104a,11
Ketubot,13,1,1,104b,19,105a,1
Ketubot,13,2,2,107b,15,107b,16
Ketubot,13,3,3,108b,2,108b,2
Ketubot,13,4,4,108b,5,108b,5
Ketubot,13,5,5,108b,15,109a,1
Ketubot,13,6,6,109a,12,109a,13
Ketubot,13,7,7,109b,7,109b,7
Ketubot,13,8,8,110a,1,110a,1
Ketubot,13,9,9,110a,4,110a,4
Ketubot,13,10,10,110a,21,110b,2
Ketubot,13,11,11,110b,7,110b,8
Nedarim,1,1,1,2a,1,2a,4
Nedarim,1,1,1,9a,1,9a,1
Nedarim,1,2,2,10a,11,10a,11
Nedarim,1,3,3,10b,12,10b,13
Nedarim,1,4,4,13a,13,13a,13
Nedarim,1,4,4,13b,3,13b,3
Nedarim,2,1,1,13b,7,13b,8
Nedarim,2,1,1,14b,6,14b,6
Nedarim,2,1,2,15b,13,15b,13
Nedarim,2,2,2,16a,4,16a,4
Nedarim,2,2,2,16a,11,16a,11
Nedarim,2,3,3,17a,3,17a,3
Nedarim,2,4,4,18b,1,18b,6
Nedarim,2,5,5,20a,1,20a,4
Nedarim,3,1,1,20b,14,21a,1
Nedarim,3,1,1,23a,8,23a,8
Nedarim,3,2,2,24b,3,24b,3
Nedarim,3,2,2,25b,1,25b,2
Nedarim,3,3,3,27a,5,27a,5
Nedarim,3,4,4,27b,9,28a,3
Nedarim,3,5,5,28a,14,28b,1
Nedarim,3,6,6,30a,4,30a,4
Nedarim,3,7,7,30b,3,30b,3
Nedarim,3,8,8,30b,5,30b,5
Nedarim,3,9,9,30b,8,30b,8
Nedarim,3,10,10,31a,1,31a,1
Nedarim,3,11,11,31a,5,31a,5
Nedarim,3,11,11,31a,7,31a,7
Nedarim,3,11,11,31a,9,31a,9
Nedarim,3,11,11,31b,6,31b,12
Nedarim,4,1,1,32b,10,32b,11
Nedarim,4,1,1,33a,6,33a,6
Nedarim,4,2,2,33a,8,33a,8
Nedarim,4,3,3,35b,1,35b,1
Nedarim,4,3,3,38a,17,38b,1
Nedarim,4,4,4,38b,8,38b,8
Nedarim,4,4,4,41b,5,41b,6
Nedarim,4,4,4,41b,8,41b,8
Nedarim,4,5,5,42a,1,42a,1
Nedarim,4,6,6,42b,8,42b,8
Nedarim,4,6,8,43a,3,43a,6
Nedarim,5,1,3,45b,1,46a,5
Nedarim,5,4,5,47b,5,48a,2
Nedarim,5,6,6,48a,6,48a,7
Nedarim,6,1,2,49a,1,49a,1
Nedarim,6,3,3,51b,1,51b,1
Nedarim,6,3,4,51b,3,51b,4
Nedarim,6,5,7,51b,9,52a,3
Nedarim,6,7,7,52b,5,52b,5
Nedarim,6,8,8,53a,1,53a,1
Nedarim,6,9,9,53a,5,53a,6
Nedarim,6,10,10,53b,3,53b,6
Nedarim,7,1,1,54a,1,54a,2
Nedarim,7,2,2,55a,1,55a,1
Nedarim,7,3,3,55b,5,55b,6
Nedarim,7,4,4,56a,1,56a,1
Nedarim,7,5,5,56a,5,56a,5
Nedarim,7,5,5,56b,6,56b,6
Nedarim,7,6,9,57a,1,57b,1
Nedarim,8,1,2,60a,4,60a,7
Nedarim,8,3,4,61b,5,61b,6
Nedarim,8,4,5,62b,5,62b,6
Nedarim,8,5,5,63a,6,63a,6
Nedarim,8,5,7,63b,3,63b,8
Nedarim,9,1,2,64a,1,64a,4
Nedarim,9,3,3,65a,5,65a,5
Nedarim,9,4,4,65b,2,65b,2
Nedarim,9,5,5,65b,4,65b,5
Nedarim,9,6,8,66a,2,66a,6
Nedarim,9,9,10,66a,11,66a,14
Nedarim,10,1,1,66b,10,67a,1
Nedarim,10,2,2,70a,5,70a,6
Nedarim,10,3,3,71a,1,71a,1
Nedarim,10,4,5,72b,1,73b,1
Nedarim,10,6,6,74a,1,74a,4
Nedarim,10,7,7,75a,5,75a,6
Nedarim,10,8,8,76b,2,76b,3
Nedarim,11,1,2,79a,11,79b,1
Nedarim,11,3,3,83b,3,83b,4
Nedarim,11,4,4,85a,6,85a,8
Nedarim,11,5,5,86b,4,86b,4
Nedarim,11,6,6,87a,9,87a,9
Nedarim,11,7,7,87b,4,87b,4
Nedarim,11,8,8,88a,3,88a,3
Nedarim,11,9,9,88b,7,89a,1
Nedarim,11,10,10,89a,8,89b,1
Nedarim,11,11,11,89b,3,89b,3
Nedarim,11,12,12,90b,5,90b,6
Nazir,1,1,1,2a,1,2a,3
Nazir,1,2,2,3b,9,3b,9
Nazir,1,2,2,4a,10,4a,10
Nazir,1,2,2,4a,13,4a,14
Nazir,1,3,3,7a,2,7a,2
Nazir,1,3,3,7a,13,7a,13
Nazir,1,3,3,7b,2,7b,2
Nazir,1,4,7,8a,1,8a,5
Nazir,2,1,1,9a,1,9a,1
Nazir,2,2,2,10a,2,10a,2
Nazir,2,3,3,11a,1,11a,1
Nazir,2,4,4,11a,4,11a,5
Nazir,2,5,5,11b,7,11b,7
Nazir,2,6,6,12b,7,12b,7
Nazir,2,7,8,12b,10,13a,2
Nazir,2,9,9,13b,2,13b,2
Nazir,2,10,10,15a,2,15a,2
Nazir,3,1,4,16a,4,16a,7
Nazir,3,5,5,16b,3,16b,4
Nazir,3,6,6,19b,7,19b,8
Nazir,3,7,7,20a,5,20a,5
Nazir,4,1,1,20b,3,20b,4
Nazir,4,2,5,28a,10,28a,11
Nazir,4,6,6,28b,8,28b,10
Nazir,4,7,7,30a,5,30a,6
Nazir,5,1,2,30b,11,31a,1
Nazir,5,3,3,31b,10,32a,1
Nazir,5,4,4,32a,14,32b,2
Nazir,5,5,6,32b,7,32b,9
Nazir,5,7,7,34a,4,34a,5
Nazir,6,1,2,34a,10,34b,2
Nazir,6,3,3,39a,3,39a,3
Nazir,6,3,3,42a,11,42a,11
Nazir,6,4,4,42a,14,42a,14
Nazir,6,5,5,44a,4,44a,6
Nazir,6,6,6,44b,1,44b,2
Nazir,6,7,8,45a,6,45a,7
Nazir,6,8,8,45b,3,45b,4
Nazir,6,9,9,45b,10,46a,1
Nazir,6,10,10,46b,10,46b,11
Nazir,6,11,11,47a,1,47a,1
Nazir,7,1,1,47a,6,47a,7
Nazir,7,2,2,49b,2,49b,4
Nazir,7,3,3,54a,8,54b,1
Nazir,7,4,4,56b,7,56b,8
Nazir,7,4,4,56b,14,56b,15
Nazir,8,1,1,57a,4,57a,5
Nazir,8,1,1,59b,1,59b,6
Nazir,8,2,2,59b,9,59b,11
Nazir,9,1,1,61a,6,61a,6
Nazir,9,1,1,62b,1,62b,1
Nazir,9,1,1,62b,10,62b,10
Nazir,9,2,2,63a,1,63a,3
Nazir,9,3,3,64b,11,65a,1
Nazir,9,4,4,65b,4,65b,4
Nazir,9,4,4,65b,8,65b,10
Nazir,9,5,5,66a,10,66a,11
Sotah,1,1,2,2a,1,2a,3
Sotah,1,3,3,6a,9,6a,9
Sotah,1,3,3,7a,3,7a,3
Sotah,1,4,6,7a,16,7b,2
Sotah,1,7,7,8b,11,8b,11
Sotah,1,8,9,9b,6,9b,10
Sotah,2,1,1,14a,12,14a,14
Sotah,2,2,2,15b,2,15b,3
Sotah,2,3,3,17a,1,17a,5
Sotah,2,4,4,17a,25,17b,2
Sotah,2,5,6,18a,13,18b,5
Sotah,3,1,2,19a,7,19a,8
Sotah,3,3,4,20a,5,20a,8
Sotah,3,5,8,22b,7,23a,6
Sotah,4,1,5,23b,14,24a,9
Sotah,5,1,5,27b,3,27b,14
Sotah,6,1,4,31a,14,31b,4
Sotah,7,1,5,32a,5,32b,1
Sotah,7,6,6,37b,13,38a,1
Sotah,7,7,7,40b,3,40b,5
Sotah,7,8,8,41a,15,41a,19
Sotah,8,1,1,42a,8,42a,11
Sotah,8,2,4,43a,4,43a,8
Sotah,8,5,7,44a,11,44b,2
Sotah,9,1,2,44b,10,44b,12
Sotah,9,2,4,45b,10,45b,10
Sotah,9,5,6,45b,19,46a,1
Sotah,9,7,10,47a,16,47b,1
Sotah,9,11,13,48a,12,48a,14
Sotah,9,14,15,49a,12,49b,3
Gittin,1,1,3,2a,1,2a,5
Gittin,1,3,4,9a,8,9a,9
Gittin,1,5,5,10a,5,10a,5
Gittin,1,5,5,10b,9,10b,9
Gittin,1,6,6,11b,6,11b,9
Gittin,1,6,6,13a,5,13a,5
Gittin,2,1,1,15a,8,15a,9
Gittin,2,2,2,17a,9,17a,10
Gittin,2,3,3,19a,4,19a,5
Gittin,2,4,4,21b,10,21b,11
Gittin,2,5,5,22b,6,22b,6
Gittin,2,5,6,23a,13,23a,15
Gittin,2,7,7,23b,10,23b,11
Gittin,3,1,1,24a,16,24b,2
Gittin,3,2,2,26a,4,26a,7
Gittin,3,3,3,27a,1,27a,1
Gittin,3,3,3,28a,5,28a,6
Gittin,3,4,4,28b,7,28b,8
Gittin,3,5,5,29a,8,29a,8
Gittin,3,6,6,29b,2,29b,2
Gittin,3,7,7,30a,6,30a,7
Gittin,3,8,8,31a,2,31a,3
Gittin,4,1,2,32a,3,32a,4
Gittin,4,2,2,34b,2,34b,2
Gittin,4,3,3,34b,7,34b,8
Gittin,4,4,4,37b,9,37b,9
Gittin,4,4,4,40b,9,40b,9
Gittin,4,5,5,41a,12,41b,1
Gittin,4,6,6,45a,13,45a,13
Gittin,4,6,6,45a,23,45b,1
Gittin,4,7,7,45b,13,45b,15
Gittin,4,8,8,46b,5,46b,6
Gittin,4,9,9,46b,14,46b,14
Gittin,4,9,9,47a,7,47a,7
Gittin,5,1,3,48b,6,48b,11
Gittin,5,4,4,52a,1,52a,2
Gittin,5,4,4,52b,13,52b,13
Gittin,5,4,4,54b,6,54b,6
Gittin,5,5,5,55a,2,55a,5
Gittin,5,6,6,55b,9,55b,12
Gittin,5,7,7,59a,10,59a,10
Gittin,5,8,8,59a,21,59b,5
Gittin,5,9,9,61a,6,61a,8
Gittin,6,1,1,62b,1,62b,3
Gittin,6,2,2,63b,24,64a,1
Gittin,6,2,2,64b,4,64b,4
Gittin,6,3,3,65a,9,65a,12
Gittin,6,4,4,65a,15,65a,15
Gittin,6,5,5,65b,9,65b,10
Gittin,6,5,5,65b,15,65b,15
Gittin,6,6,6,66a,7,66a,7
Gittin,6,6,6,66a,11,66a,12
Gittin,6,7,7,66a,17,66b,4
Gittin,7,1,1,67b,9,67b,10
Gittin,7,2,2,71b,9,71b,9
Gittin,7,3,3,72a,7,72a,9
Gittin,7,4,4,73a,19,73b,1
Gittin,7,5,5,74a,6,74a,8
Gittin,7,6,6,75b,9,75b,11
Gittin,7,7,7,76a,16,76a,19
Gittin,7,8,9,76b,12,76b,16
Gittin,8,1,1,77a,10,77a,10
Gittin,8,2,2,78a,12,78a,13
Gittin,8,2,3,78a,24,78a,25
Gittin,8,3,3,79a,1,79a,1
Gittin,8,4,4,79b,9,79b,9
Gittin,8,5,8,79b,14,80a,9
Gittin,8,8,8,81a,2,81a,2
Gittin,8,9,9,81a,16,81a,17
Gittin,8,9,10,81b,10,81b,12
Gittin,9,1,1,82a,7,82a,7
Gittin,9,2,2,85a,7,85a,8
Gittin,9,3,3,85a,27,85b,1
Gittin,9,4,4,86a,4,86a,6
Gittin,9,5,5,86b,29,86b,31
Gittin,9,6,6,87a,17,87a,18
Gittin,9,7,8,87b,9,87b,12
Gittin,9,8,8,88b,2,88b,2
Gittin,9,9,9,88b,13,88b,14
Gittin,9,10,10,90a,2,90a,4
Kiddushin,1,1,1,2a,1,2a,2
Kiddushin,1,2,2,14b,2,14b,2
Kiddushin,1,3,3,22b,6,22b,6
Kiddushin,1,4,4,25b,3,25b,3
Kiddushin,1,5,5,26a,2,26a,3
Kiddushin,1,6,6,28a,9,28a,9
Kiddushin,1,6,6,28b,9,28b,9
Kiddushin,1,7,7,29a,6,29a,7
Kiddushin,1,8,8,36a,15,36a,15
Kiddushin,1,9,9,36b,8,37a,1
Kiddushin,1,10,10,39b,2,39b,2
Kiddushin,1,10,10,40b,5,40b,5
Kiddushin,2,1,1,41a,3,41a,3
Kiddushin,2,1,1,46a,5,46a,5
Kiddushin,2,2,2,48b,7,48b,7
Kiddushin,2,3,3,49b,11,49b,12
Kiddushin,2,4,4,50a,12,50a,12
Kiddushin,2,5,5,50a,16,50a,17
Kiddushin,2,6,6,50a,19,50b,1
Kiddushin,2,7,7,50b,11,50b,11
Kiddushin,2,8,8,52b,8,52b,9
Kiddushin,2,9,9,56b,3,56b,3
Kiddushin,2,10,10,58a,13,58a,13
Kiddushin,3,1,1,58b,12,58b,13
Kiddushin,3,2,2,60a,12,60a,13
Kiddushin,3,3,3,60b,17,60b,17
Kiddushin,3,4,4,61a,9,61a,10
Kiddushin,3,5,5,62a,8,62a,10
Kiddushin,3,6,6,63a,7,63a,7
Kiddushin,3,6,6,63a,14,63a,14
Kiddushin,3,7,7,63b,4,63b,4
Kiddushin,3,8,8,64a,2,64a,2
Kiddushin,3,8,8,64a,13,64a,13
Kiddushin,3,8,9,64b,3,64b,4
Kiddushin,3,10,11,65a,7,65a,9
Kiddushin,3,12,12,66b,14,66b,16
Kiddushin,3,13,13,69a,3,69a,3
Kiddushin,4,1,2,69a,12,69a,14
Kiddushin,4,3,3,74a,10,74a,11
Kiddushin,4,4,5,76a,7,76a,9
Kiddushin,4,6,7,77a,1,77a,2
Kiddushin,4,8,8,78b,7,78b,7
Kiddushin,4,9,9,78b,14,79a,2
Kiddushin,4,10,11,79b,10,79b,11
Kiddushin,4,12,12,80b,4,80b,4
Kiddushin,4,13,14,82a,2,82a,2
Kiddushin,4,14,14,82a,6,82a,10
Bava Kamma,1,1,1,2a,1,2a,4
Bava Kamma,1,2,2,9b,5,9b,9
Bava Kamma,1,3,3,14b,2,14b,2
Bava Kamma,1,4,4,15b,19,15b,22
Bava Kamma,1,4,4,16b,15,16b,16
Bava Kamma,2,1,1,17a,13,17a,15
Bava Kamma,2,2,2,19b,12,19b,14
Bava Kamma,2,3,3,21b,7,21b,7
Bava Kamma,2,4,4,23b,16,23b,16
Bava Kamma,2,5,5,24b,12,25a,2
Bava Kamma,2,6,6,26a,22,26a,22
Bava Kamma,3,1,1,27a,13,27a,13
Bava Kamma,3,1,1,28a,30,28a,30
Bava Kamma,3,2,2,30a,3,30a,3
Bava Kamma,3,3,3,30a,19,30a,20
Bava Kamma,3,4,4,31a,4,31a,4
Bava Kamma,3,5,5,31b,9,32a,2
Bava Kamma,3,6,6,32a,16,32a,16
Bava Kamma,3,7,7,32b,2,32b,2
Bava Kamma,3,8,8,33a,8,33a,11
Bava Kamma,3,9,9,33a,18,33a,18
Bava Kamma,3,9,9,34a,13,34a,14
Bava Kamma,3,10,10,34b,14,34b,16
Bava Kamma,3,11,11,35a,13,35b,3
Bava Kamma,4,1,1,36a,9,36a,12
Bava Kamma,4,2,2,37a,4,37a,6
Bava Kamma,4,3,3,37b,11,37b,12
Bava Kamma,4,4,4,39a,3,39a,6
Bava Kamma,4,5,5,41a,5,41a,5
Bava Kamma,4,6,6,44a,9,44a,9
Bava Kamma,4,7,7,44b,15,44b,15
Bava Kamma,4,8,9,44b,21,44b,22
Bava Kamma,4,9,9,45b,8,45b,10
Bava Kamma,5,1,1,46a,7,46a,8
Bava Kamma,5,2,3,47a,9,47b,2
Bava Kamma,5,4,4,48b,22,49a,2
Bava Kamma,5,5,5,49b,15,49b,15
Bava Kamma,5,5,5,50b,4,50b,4
Bava Kamma,5,6,6,51a,13,51a,13
Bava Kamma,5,6,6,52a,6,52a,9
Bava Kamma,5,7,7,54b,6,54b,7
Bava Kamma,6,1,2,55b,1,55b,6
Bava Kamma,6,3,3,59b,9,59b,9
Bava Kamma,6,4,4,59b,11,59b,13
Bava Kamma,6,4,4,60a,8,60a,8
Bava Kamma,6,4,4,61a,5,61a,5
Bava Kamma,6,4,4,61b,2,61b,2
Bava Kamma,6,5,5,61b,8,61b,10
Bava Kamma,6,6,6,62b,1,62b,2
Bava Kamma,7,1,1,62b,7,62b,8
Bava Kamma,7,2,2,70a,9,70a,13
Bava Kamma,7,3,3,72b,4,72b,7
Bava Kamma,7,4,4,74b,13,74b,15
Bava Kamma,7,5,5,78b,6,78b,6
Bava Kamma,7,5,6,79a,5,79a,7
Bava Kamma,7,7,7,79b,12,79b,14
Bava Kamma,8,1,1,83b,1,83b,6
Bava Kamma,8,1,1,86b,2,86b,2
Bava Kamma,8,2,5,87a,5,87a,11
Bava Kamma,8,6,6,90a,13,90b,5
Bava Kamma,8,7,7,92a,4,92a,6
Bava Kamma,9,1,1,93b,1,93b,3
Bava Kamma,9,2,2,96b,10,96b,12
Bava Kamma,9,3,3,98b,15,98b,15
Bava Kamma,9,4,4,100b,2,100b,3
Bava Kamma,9,5,7,103a,8,103b,2
Bava Kamma,9,8,10,108b,13,109a,1
Bava Kamma,9,11,12,110a,8,110a,11
Bava Kamma,10,1,1,111b,1,111b,1
Bava Kamma,10,1,1,113a,12,113a,12
Bava Kamma,10,2,2,114a,5,114a,6
Bava Kamma,10,3,3,114b,28,114b,28
Bava Kamma,10,4,4,115a,28,115b,2
Bava Kamma,10,5,5,116b,16,116b,16
Bava Kamma,10,5,5,117b,14,117b,14
Bava Kamma,10,6,6,118a,2,118a,2
Bava Kamma,10,7,7,118a,5,118a,5
Bava Kamma,10,8,8,118a,11,118a,11
Bava Kamma,10,9,9,118b,14,118b,15
Bava Kamma,10,10,10,119a,22,119a,23
Bava Metzia,1,1,2,2a,1,2a,4
Bava Metzia,1,3,3,9b,9,9b,9
Bava Metzia,1,4,4,10a,13,10a,13
Bava Metzia,1,4,4,11a,5,11a,5
Bava Metzia,1,5,5,12a,6,12a,6
Bava Metzia,1,6,6,12b,16,12b,17
Bava Metzia,1,7,7,18a,8,18a,8
Bava Metzia,1,8,8,20a,4,20a,6
Bava Metzia,2,1,1,21a,7,21a,10
Bava Metzia,2,2,2,24b,12,25a,1
Bava Metzia,2,3,3,25b,4,25b,4
Bava Metzia,2,3,3,25b,14,25b,14
Bava Metzia,2,4,4,26b,9,26b,10
Bava Metzia,2,5,5,27a,3,27a,3
Bava Metzia,2,6,6,28a,12,28a,12
Bava Metzia,2,7,7,28b,5,28b,5
Bava Metzia,2,7,7,28b,13,28b,14
Bava Metzia,2,8,8,29b,4,29b,7
Bava Metzia,2,9,9,30b,15,30b,16
Bava Metzia,2,10,10,32a,5,32a,9
Bava Metzia,2,11,11,33a,7,33a,9
Bava Metzia,3,1,1,33b,7,33b,9
Bava Metzia,3,2,2,35b,5,35b,5
Bava Metzia,3,3,5,37a,4,37a,7
Bava Metzia,3,6,6,38a,2,38a,2
Bava Metzia,3,7,7,40a,5,40a,6
Bava Metzia,3,8,8,40a,17,40a,17
Bava Metzia,3,9,9,40b,15,40b,15
Bava Metzia,3,10,10,42a,1,42a,1
Bava Metzia,3,11,11,43a,2,43a,2
Bava Metzia,3,12,12,43a,9,43a,9
Bava Metzia,3,12,12,43b,13,43b,13
Bava Metzia,4,1,2,44a,8,44a,13
Bava Metzia,4,3,3,49b,5,49b,6
Bava Metzia,4,4,4,51a,9,51a,9
Bava Metzia,4,5,6,51b,11,52a,3
Bava Metzia,4,7,7,55a,7,55a,8
Bava Metzia,4,8,8,55b,3,55b,3
Bava Metzia,4,9,9,56a,12,56b,1
Bava Metzia,4,10,10,58b,6,58b,6
Bava Metzia,4,11,12,59b,16,60a,4
Bava Metzia,4,12,12,60a,13,60a,14
Bava Metzia,5,1,1,60b,8,60b,11
Bava Metzia,5,2,2,64b,2,64b,2
Bava Metzia,5,2,3,65a,7,65b,2
Bava Metzia,5,4,4,68a,11,68a,13
Bava Metzia,5,5,5,69b,7,69b,8
Bava Metzia,5,6,6,70b,1,70b,2
Bava Metzia,5,7,7,72b,6,72b,9
Bava Metzia,5,8,8,74b,11,74b,11
Bava Metzia,5,9,9,75a,3,75a,3
Bava Metzia,5,10,11,75a,11,75b,4
Bava Metzia,6,1,2,75b,15,76a,1
Bava Metzia,6,3,3,78a,5,78a,6
Bava Metzia,6,3,4,80a,1,80a,1
Bava Metzia,6,5,5,80a,6,80a,6
Bava Metzia,6,6,7,80b,5,80b,6
Bava Metzia,6,8,8,82b,3,82b,3
Bava Metzia,7,1,1,83a,12,83a,14
Bava Metzia,7,2,2,87a,19,87b,1
Bava Metzia,7,3,3,91b,4,91b,4
Bava Metzia,7,4,4,91b,9,91b,10
Bava Metzia,7,5,5,92a,3,92a,3
Bava Metzia,7,6,8,93a,5,93a,7
Bava Metzia,7,8,8,93a,15,93a,16
Bava Metzia,7,9,10,93b,15,93b,18
Bava Metzia,7,10,11,94a,2,94a,3
Bava Metzia,8,1,1,94a,16,94b,1
Bava Metzia,8,2,2,97a,14,97b,4
Bava Metzia,8,3,3,98b,14,98b,16
Bava Metzia,8,4,4,100a,1,100a,6
Bava Metzia,8,5,5,100b,23,100b,25
Bava Metzia,8,6,6,101b,3,101b,3
Bava Metzia,8,7,7,101b,16,101b,17
Bava Metzia,8,8,8,102a,26,102b,1
Bava Metzia,8,9,9,103a,10,103a,10
Bava Metzia,9,1,1,103a,16,103b,1
Bava Metzia,9,2,2,103b,13,103b,13
Bava Metzia,9,3,3,104a,7,104a,7
Bava Metzia,9,4,4,105a,5,105a,5
Bava Metzia,9,5,5,105a,8,105a,8
Bava Metzia,9,6,6,105b,14,105b,14
Bava Metzia,9,7,7,106b,11,106b,11
Bava Metzia,9,8,8,106b,16,106b,16
Bava Metzia,9,9,9,109a,1,109a,1
Bava Metzia,9,10,11,110b,11,110b,12
Bava Metzia,9,12,12,111a,17,111a,19
Bava Metzia,9,13,13,113a,5,113a,6
Bava Metzia,9,13,13,115a,15,115a,15
Bava Metzia,10,1,1,116b,1,116b,1
Bava Metzia,10,2,2,116b,13,116b,14
Bava Metzia,10,3,3,117a,14,117a,15
Bava Metzia,10,4,5,117b,14,118a,2
Bava Metzia,10,5,5,118b,2,118b,3
Bava Metzia,10,6,6,118b,11,118b,12
Bava Batra,1,1,2,2a,1,2a,5
Bava Batra,1,3,3,4b,7,4b,7
Bava Batra,1,4,4,5a,5,5a,6
Bava Batra,1,5,5,7b,6,7b,7
Bava Batra,1,6,6,11a,7,11a,9
Bava Batra,2,1,1,17a,8,17a,10
Bava Batra,2,2,2,20b,8,20b,10
Bava Batra,2,3,3,20b,15,20b,15
Bava Batra,2,4,4,22a,13,22a,13
Bava Batra,2,5,5,22b,10,22b,10
Bava Batra,2,5,5,23a,3,23a,3
Bava Batra,2,6,6,23b,1,23b,1
Bava Batra,2,7,7,24b,2,24b,2
Bava Batra,2,8,8,24b,14,24b,14
Bava Batra,2,9,10,25a,2,25a,2
Bava Batra,2,11,11,25b,11,25b,11
Bava Batra,2,12,12,26a,5,26a,6
Bava Batra,2,13,13,27b,12,27b,12
Bava Batra,2,14,14,27b,16,27b,16
Bava Batra,3,1,1,28a,1,28a,5
Bava Batra,3,2,2,38a,4,38a,4
Bava Batra,3,3,3,41a,2,41a,3
Bava Batra,3,3,3,42a,8,42a,9
Bava Batra,3,4,4,56a,10,56b,2
Bava Batra,3,5,5,57a,4,57a,4
Bava Batra,3,6,6,58b,4,58b,6
Bava Batra,3,6,6,59a,12,59b,1
Bava Batra,3,7,7,59b,7,59b,7
Bava Batra,3,7,7,60a,4,60a,4
Bava Batra,3,8,8,60a,9,60a,9
Bava Batra,4,1,1,61a,1,61a,1
Bava Batra,4,2,2,64a,4,64a,6
Bava Batra,4,3,3,65a,11,65b,1
Bava Batra,4,4,4,67a,2,67a,2
Bava Batra,4,5,5,67b,2,67b,2
Bava Batra,4,6,6,67b,6,67b,6
Bava Batra,4,7,7,68a,4,68a,4
Bava Batra,4,8,8,68b,9,68b,10
Bava Batra,4,9,9,71a,2,71a,5
Bava Batra,5,1,1,73a,3,73a,3
Bava Batra,5,1,1,77b,5,77b,5
Bava Batra,5,2,2,78a,3,78a,3
Bava Batra,5,3,3,78b,9,78b,9
Bava Batra,5,3,3,80a,1,80a,1
Bava Batra,5,4,4,81a,2,81a,3
Bava Batra,5,5,6,83b,5,83b,7
Bava Batra,5,8,8,87a,6,87a,7
Bava Batra,5,9,9,87b,5,87b,5
Bava Batra,5,10,11,88a,12,88b,2
Bava Batra,6,1,1,92a,1,92a,1
Bava Batra,6,2,2,93b,14,93b,14
Bava Batra,6,3,3,97b,12,98a,1
Bava Batra,6,4,4,98b,2,98b,4
Bava Batra,6,5,5,99a,8,99a,8
Bava Batra,6,6,6,99b,2,99b,3
Bava Batra,6,7,7,99b,8,99b,9
Bava Batra,6,8,8,100b,10,101a,5
Bava Batra,7,1,1,102b,9,102b,9
Bava Batra,7,2,2,103b,4,103b,5
Bava Batra,7,3,3,104b,9,105a,1
Bava Batra,7,3,3,106a,1,106a,1
Bava Batra,7,4,4,107b,6,107b,6
Bava Batra,8,1,1,108a,3,108a,4
Bava Batra,8,2,2,115a,7,115a,8
Bava Batra,8,3,3,116b,4,116b,4
Bava Batra,8,4,4,122b,3,122b,3
Bava Batra,8,5,5,126b,4,126b,5
Bava Batra,8,5,5,130a,2,130a,2
Bava Batra,8,5,5,133b,4,133b,4
Bava Batra,8,6,6,134a,10,135b,4
Bava Batra,8,7,7,136a,3,136a,5
Bava Batra,8,7,7,138b,13,138b,13
Bava Batra,8,7,8,139a,3,139a,7
Bava Batra,9,1,1,139b,7,139b,7
Bava Batra,9,2,2,140b,4,140b,6
Bava Batra,9,3,3,143b,8,143b,8
Bava Batra,9,4,4,144b,1,144b,1
Bava Batra,9,4,4,144b,7,144b,7
Bava Batra,9,5,5,146a,3,146a,3
Bava Batra,9,6,6,146b,3,146b,3
Bava Batra,9,6,6,153a,11,153a,11
Bava Batra,9,7,7,156a,10,156b,1
Bava Batra,9,7,7,156b,7,156b,8
Bava Batra,9,8,8,157a,3,157a,4
Bava Batra,9,9,9,158a,1,158a,2
Bava Batra,9,10,10,158b,3,158b,3
Bava Batra,10,1,2,160a,1,160a,3
Bava Batra,10,2,2,165b,16,165b,18
Bava Batra,10,3,4,167a,8,167b,5
Bava Batra,10,5,5,168a,13,168a,13
Bava Batra,10,6,6,168a,17,168b,1
Bava Batra,10,6,6,170b,2,170b,2
Bava Batra,10,7,7,172a,10,172a,13
Bava Batra,10,7,7,173a,19,173a,19
Bava Batra,10,7,7,173a,23,173b,2
Bava Batra,10,8,8,175a,10,175b,5
Sanhedrin,1,1,6,2a,1,2b,2
Sanhedrin,2,1,2,18a,5,18a,10
Sanhedrin,2,3,3,20a,6,20a,6
Sanhedrin,2,4,4,20b,4,20b,4
Sanhedrin,2,4,4,21b,6,21b,6
Sanhedrin,2,5,5,22a,11,22a,11
Sanhedrin,3,1,1,23a,1,23a,3
Sanhedrin,3,2,2,24a,19,24a,20
Sanhedrin,3,3,3,24b,15,24b,17
Sanhedrin,3,4,5,27b,10,27b,13
Sanhedrin,3,6,7,29a,13,29a,18
Sanhedrin,3,8,8,31a,12,31a,16
Sanhedrin,4,1,2,32a,1,32a,10
Sanhedrin,4,3,4,36b,12,37a,1
Sanhedrin,4,5,5,37a,10,37b,1
Sanhedrin,5,1,5,40a,1,40a,14
Sanhedrin,6,1,1,42b,1,42b,2
Sanhedrin,6,1,1,43a,18,43a,18
Sanhedrin,6,2,2,43b,3,43b,4
Sanhedrin,6,3,3,44b,14,44b,14
Sanhedrin,6,4,4,45a,10,45a,11
Sanhedrin,6,4,4,45b,20,45b,21
Sanhedrin,6,4,6,46a,13,46b,1
Sanhedrin,7,1,1,49b,1,49b,1
Sanhedrin,7,2,2,52a,6,52a,8
Sanhedrin,7,3,3,52b,8,52b,8
Sanhedrin,7,3,3,52b,21,52b,21
Sanhedrin,7,4,4,53a,14,53a,17
Sanhedrin,7,4,4,54a,28,54a,28
Sanhedrin,7,5,5,55b,15,56a,3
Sanhedrin,7,6,6,60b,1,60b,3
Sanhedrin,7,7,7,64a,17,64a,17
Sanhedrin,7,7,7,65a,1,65a,1
Sanhedrin,7,8,8,66a,3,66a,3
Sanhedrin,7,8,8,66a,6,66a,6
Sanhedrin,7,9,9,66b,2,66b,2
Sanhedrin,7,10,10,67a,2,67a,6
Sanhedrin,7,10,11,67a,16,67a,17
Sanhedrin,8,1,1,68b,1,68b,2
Sanhedrin,8,2,2,70a,2,70a,4
Sanhedrin,8,3,3,71a,4,71a,4
Sanhedrin,8,4,4,71a,11,71a,11
Sanhedrin,8,4,4,71a,21,71a,22
Sanhedrin,8,4,4,71b,5,71b,5
Sanhedrin,8,5,5,71b,20,71b,22
Sanhedrin,8,6,6,72a,3,72a,3
Sanhedrin,8,7,7,73a,1,73a,1
Sanhedrin,9,1,1,75a,7,75a,8
Sanhedrin,9,1,1,78a,18,78a,18
Sanhedrin,9,2,2,78b,14,79a,3
Sanhedrin,9,3,3,79b,6,79b,9
Sanhedrin,9,4,4,81a,2,81a,2
Sanhedrin,9,5,5,81b,2,81b,2
Sanhedrin,9,5,5,81b,13,81b,13
Sanhedrin,9,6,6,81b,17,81b,17
Sanhedrin,11,1,1,84b,1,84b,1
Sanhedrin,11,1,1,85b,3,85b,18
Sanhedrin,11,2,2,86b,15,86b,19
Sanhedrin,11,3,3,88b,14,88b,14
Sanhedrin,11,4,4,89a,3,89a,3
Sanhedrin,11,5,6,89a,7,89a,11
Sanhedrin,10,1,2,90a,15,90a,17
Sanhedrin,10,3,3,110b,6,110b,6
Sanhedrin,10,4,6,111b,6,111b,13
Makkot,1,1,1,2a,1,2a,2
Makkot,1,1,1,3a,8,3a,9
Makkot,1,1,1,3a,13,3a,14
Makkot,1,2,3,4a,11,4a,12
Makkot,1,3,3,5a,2,5a,2
Makkot,1,4,5,5a,5,5a,7
Makkot,1,6,6,5b,8,5b,9
Makkot,1,7,8,5b,21,6a,2
Makkot,1,9,9,6b,1,6b,2
Makkot,1,10,10,7a,2,7a,3
Makkot,2,1,1,7a,14,7b,1
Makkot,2,1,1,7b,17,7b,17
Makkot,2,2,2,8a,4,8a,6
Makkot,2,3,3,9b,4,9b,4
Makkot,2,4,6,9b,14,9b,17
Makkot,2,6,6,11a,10,11a,11
Makkot,2,6,7,11b,6,11b,8
Makkot,2,7,7,12a,19,12a,19
Makkot,2,7,7,12b,7,12b,7
Makkot,2,8,8,12b,10,13a,1
Makkot,3,1,2,13a,8,13a,13
Makkot,3,3,4,17a,7,17a,8
Makkot,3,5,5,20a,9,20a,11
Makkot,3,6,6,21a,10,21a,10
Makkot,3,7,9,21a,15,21b,2
Makkot,3,10,11,22a,15,22b,1
Makkot,3,11,11,22b,7,22b,7
Makkot,3,12,14,22b,10,22b,13
Makkot,3,15,16,23a,19,23b,3
Shevuot,1,1,7,2a,1,2b,11
Shevuot,2,1,5,14a,12,14b,7
Shevuot,3,1,1,19b,13,19b,14
Shevuot,3,1,4,22b,14,22b,15
Shevuot,3,5,5,25a,5,25a,10
Shevuot,3,6,6,27a,1,27a,3
Shevuot,3,7,7,27b,7,27b,9
Shevuot,3,8,9,29a,2,29a,6
Shevuot,3,10,11,29b,6,29b,8
Shevuot,4,1,2,30a,1,30a,3
Shevuot,4,3,4,31b,11,31b,14
Shevuot,4,5,6,33a,3,33a,7
Shevuot,4,7,7,33b,5,33b,6
Shevuot,4,8,12,35a,2,35a,6
Shevuot,4,13,13,35a,17,35a,22
Shevuot,5,1,5,36b,5,36b,18
Shevuot,6,1,4,38b,8,38b,19
Shevuot,6,5,6,42b,12,42b,15
Shevuot,6,7,7,43a,17,43a,20
Shevuot,7,1,8,44b,8,45a,10
Shevuot,8,1,6,49a,4,49b,5
Avodah Zarah,1,1,1,2a,1,2a,5
Avodah Zarah,1,2,2,7b,7,7b,10
Avodah Zarah,1,3,3,8a,14,8a,18
Avodah Zarah,1,4,4,11b,42,11b,45
Avodah Zarah,1,4,4,12b,27,12b,28
Avodah Zarah,1,5,5,13b,44,13b,51
Avodah Zarah,1,6,6,14b,39,14b,41
Avodah Zarah,1,7,7,16a,52,16a,54
Avodah Zarah,1,8,8,19b,55,19b,60
Avodah Zarah,1,8,9,20b,56,21a,6
Avodah Zarah,2,1,1,22a,28,22a,30
Avodah Zarah,2,1,1,26a,16,26a,17
Avodah Zarah,2,2,2,27a,55,27a,58
Avodah Zarah,2,3,5,29b,1,29b,35
Avodah Zarah,2,6,6,35b,26,35b,29
Avodah Zarah,2,7,7,39b,44,39b,49
Avodah Zarah,3,1,1,40b,50,40b,54
Avodah Zarah,3,2,2,41a,31,41a,32
Avodah Zarah,3,3,3,42b,26,42b,28
Avodah Zarah,3,3,3,43b,45,43b,49
Avodah Zarah,3,4,4,44b,1,44b,12
Avodah Zarah,3,5,5,45a,1,45a,8
Avodah Zarah,3,6,6,47a,50,47b,6
Avodah Zarah,3,7,7,47b,18,47b,21
Avodah Zarah,3,7,7,47b,29,47b,32
Avodah Zarah,3,7,7,48a,1,48a,4
Avodah Zarah,3,7,7,48a,41,48a,46
Avodah Zarah,3,8,8,48b,1,48b,3
Avodah Zarah,3,8,8,48b,44,48b,47
Avodah Zarah,3,9,9,49b,1,49b,11
Avodah Zarah,3,10,10,49b,25,49b,27
Avodah Zarah,4,1,1,49b,55,49b,58
Avodah Zarah,4,2,2,51b,19,51b,20
Avodah Zarah,4,3,4,51b,46,51b,48
Avodah Zarah,4,4,4,52b,38,52b,39
Avodah Zarah,4,5,5,53a,9,53a,15
Avodah Zarah,4,6,6,53b,27,53b,28
Avodah Zarah,4,7,7,54b,37,54b,45
Avodah Zarah,4,8,9,55a,34,55b,3
Avodah Zarah,4,10,10,60b,6,60b,9
Avodah Zarah,4,11,12,61a,2,61a,8
Avodah Zarah,5,1,1,62a,1,62a,5
Avodah Zarah,5,2,2,65b,10,65b,14
Avodah Zarah,5,3,5,69a,15,69a,27
Avodah Zarah,5,6,6,70b,43,70b,44
Avodah Zarah,5,7,7,71a,5,71a,6
Avodah Zarah,5,7,7,71a,17,71a,17
Avodah Zarah,5,7,7,72a,42,72a,43
Avodah Zarah,5,8,8,73a,3,73a,7
Avodah Zarah,5,9,9,74a,1,74a,2
Avodah Zarah,5,10,10,74a,19,74a,21
Avodah Zarah,5,11,11,74b,1,74b,4
Avodah Zarah,5,12,12,75b,13,75b,15
Horayot,1,1,1,2a,1,2a,4
Horayot,1,2,3,3b,36,3b,54
Horayot,1,4,4,4b,34,4b,35
Horayot,1,4,4,4b,50,4b,50
Horayot,1,5,5,4b,58,5a,10
Horayot,2,1,1,6b,29,6b,30
Horayot,2,2,2,7a,22,7a,22
Horayot,2,3,3,7b,30,7b,30
Horayot,2,3,3,8a,11,8a,11
Horayot,2,4,4,8b,8,8b,12
Horayot,2,5,5,8b,33,8b,36
Horayot,2,6,7,9a,32,9a,40
Horayot,3,1,2,9b,41,9b,42
Horayot,3,3,3,10a,14,10a,18
Horayot,3,4,4,11b,16,11b,20
Horayot,3,5,5,12b,52,12b,53
Horayot,3,6,6,12b,71,12b,72
Horayot,3,7,7,13a,41,13a,42
Horayot,3,8,8,13a,78,13a,80
Zevachim,1,1,2,2a,1,2a,12
Zevachim,1,3,3,11b,36,11b,40
Zevachim,1,4,4,13a,8,13a,19
Zevachim,2,1,1,15b,19,15b,20
Zevachim,2,1,1,25a,11,25a,11
Zevachim,2,1,1,26a,67,26a,67
Zevachim,2,2,2,27b,39,27b,40
Zevachim,2,3,5,29b,29,29b,48
Zevachim,3,1,2,31b,35,32a,6
Zevachim,3,3,5,35a,34,35a,40
Zevachim,3,6,6,35b,48,36a,1
Zevachim,4,1,2,36b,36,36b,42
Zevachim,4,3,4,42b,33,43a,13
Zevachim,4,5,5,45a,10,45a,10
Zevachim,4,5,5,45b,14,45b,15
Zevachim,4,6,6,46b,28,46b,32
Zevachim,5,1,2,47a,29,47b,3
Zevachim,5,3,3,52b,41,53a,3
Zevachim,5,4,4,53b,4,53b,4
Zevachim,5,5,5,54b,28,54b,31
Zevachim,5,6,6,55a,24,55a,26
Zevachim,5,7,7,55a,47,55a,49
Zevachim,5,8,8,56b,34,56b,38
Zevachim,6,1,1,58a,1,58a,4
Zevachim,6,1,1,63a,3,63a,3
Zevachim,6,2,3,63a,37,63b,1
Zevachim,6,4,4,64b,16,64b,18
Zevachim,6,5,7,64b,44,65a,6
Zevachim,7,1,2,66a,22,66a,28
Zevachim,7,3,4,66b,30,67a,5
Zevachim,7,5,5,68a,10,68b,3
Zevachim,7,6,6,69a,48,69b,8
Zevachim,8,1,2,70b,40,71b,6
Zevachim,8,3,3,75b,36,75b,40
Zevachim,8,4,4,77a,16,77a,19
Zevachim,8,5,5,77b,22,77b,25
Zevachim,8,6,7,77b,33,78a,4
Zevachim,8,8,10,79b,28,80a,16
Zevachim,8,11,11,81b,37,81b,46
Zevachim,8,12,12,82a,48,82a,57
Zevachim,9,1,1,83a,36,83a,47
Zevachim,9,2,4,84a,11,84a,26
Zevachim,9,5,5,85b,55,85b,60
Zevachim,9,6,7,86a,36,86a,40
Zevachim,9,7,7,88a,15,88a,18
Zevachim,10,1,1,89a,1,89a,3
Zevachim,10,2,4,89a,25,89a,36
Zevachim,10,5,7,90b,24,90b,34
Zevachim,10,8,8,91a,53,91a,57
Zevachim,11,1,2,92a,13,92a,19
Zevachim,11,3,3,93a,50,93a,52
Zevachim,11,3,4,93b,46,93b,49
Zevachim,11,5,6,94b,50,94b,55
Zevachim,11,7,7,95b,7,95b,9
Zevachim,11,7,7,96b,67,97a,1
Zevachim,11,8,8,97a,38,97a,39
Zevachim,12,1,1,98b,17,98b,22
Zevachim,12,2,3,103a,1,103a,8
Zevachim,12,4,4,103b,40,103b,46
Zevachim,12,5,6,104a,50,104b,6
Zevachim,13,1,2,106a,26,106a,38
Zevachim,13,3,3,108a,32,108a,41
Zevachim,13,4,4,109a,1,109a,2
Zevachim,13,4,5,110a,43,110a,44
Zevachim,13,6,6,110a,49,110a,52
Zevachim,13,6,6,110a,66,110b,5
Zevachim,13,7,7,111a,49,111b,4
Zevachim,13,8,8,111b,40,111b,49
Zevachim,14,1,10,112a,25,113a,5
Menachot,1,1,1,2a,1,2a,3
Menachot,1,2,2,6a,36,6a,41
Menachot,1,2,3,11a,56,11a,58
Menachot,1,3,4,11b,44,12a,19
Menachot,1,4,4,12b,33,12b,33
Menachot,2,1,1,13a,10,13a,17
Menachot,2,2,2,13b,36,13b,39
Menachot,2,2,2,14b,46,14b,49
Menachot,2,3,3,15a,22,15a,28
Menachot,2,4,4,15b,36,15b,39
Menachot,2,5,5,16a,1,16a,8
Menachot,3,1,1,17a,48,17a,50
Menachot,3,2,2,18a,42,18a,42
Menachot,3,2,2,22a,25,22a,27
Menachot,3,3,3,23a,33,23a,35
Menachot,3,3,3,25a,1,25a,1
Menachot,3,4,4,26a,5,26a,5
Menachot,3,4,4,26a,40,26a,41
Menachot,3,5,5,27a,6,27a,11
Menachot,3,6,6,27a,23,27a,31
Menachot,3,7,7,28a,11,28a,17
Menachot,4,1,1,38a,11,38a,12
Menachot,4,1,1,44b,2,44b,3
Menachot,4,2,2,44b,27,44b,29
Menachot,4,3,3,45b,2,45b,12
Menachot,4,4,4,49a,34,49a,41
Menachot,4,5,5,51b,2,51b,6
Menachot,5,1,1,52b,29,52b,34
Menachot,5,2,2,55a,28,55a,30
Menachot,5,3,3,59a,1,59a,6
Menachot,5,4,4,59b,3,59b,5
Menachot,5,5,5,60a,15,60a,19
Menachot,5,6,7,61a,12,61a,26
Menachot,5,8,8,63a,1,63a,6
Menachot,5,9,9,63a,26,63a,30
Menachot,10,1,1,63b,21,63b,27
Menachot,10,2,2,64b,3,64b,5
Menachot,10,3,3,65a,8,65a,46
Menachot,10,4,4,66a,43,66a,51
Menachot,10,4,5,67b,10,67b,14
Menachot,10,5,5,68a,20,68a,26
Menachot,10,6,6,68b,31,68b,33
Menachot,10,7,7,70a,35,70a,36
Menachot,10,8,9,71a,19,71a,31
Menachot,6,1,1,72b,46,72b,49
Menachot,6,2,2,74b,5,74b,6
Menachot,6,3,3,74b,28,74b,35
Menachot,6,4,4,75a,48,75a,48
Menachot,6,4,4,75b,4,75b,9
Menachot,6,5,5,76a,1,76a,6
Menachot,6,6,6,76b,14,76b,14
Menachot,6,7,7,76b,24,76b,27
Menachot,7,1,1,76b,49,77a,8
Menachot,7,2,2,77b,1,77b,6
Menachot,7,3,3,78b,1,78b,2
Menachot,7,3,3,78b,60,78b,65
Menachot,7,4,4,79a,42,79a,42
Menachot,7,4,4,79b,28,79b,28
Menachot,7,5,5,81a,28,81b,4
Menachot,7,6,6,82a,30,82a,36
Menachot,8,1,1,83b,21,83b,25
Menachot,8,2,2,85a,9,85a,14
Menachot,8,3,3,85b,30,85b,35
Menachot,8,4,4,86a,22,86a,42
Menachot,8,5,5,86a,55,86a,57
Menachot,8,6,7,86b,32,87a,7
Menachot,9,1,1,87a,64,87a,71
Menachot,9,2,2,87b,56,87b,63
Menachot,9,3,3,88a,45,88a,53
Menachot,9,4,4,89a,55,89b,3
Menachot,9,5,5,90a,4,90a,10
Menachot,9,6,6,90b,13,90b,13
Menachot,9,7,7,92a,4,92a,8
Menachot,9,8,8,93a,33,93a,36
Menachot,9,9,9,93b,57,94a,1
Menachot,11,1,1,94a,23,94a,26
Menachot,11,2,2,95b,4,95b,8
Menachot,11,3,6,96a,7,96a,27
Menachot,11,7,7,99b,25,99b,37
Menachot,11,8,8,100a,17,100a,21
Menachot,11,9,9,100b,6,100b,17
Menachot,12,1,1,100b,23,100b,24
Menachot,12,2,2,102b,25,102b,32
Menachot,12,3,3,103a,4,103a,9
Menachot,12,4,4,103b,22,103b,31
Menachot,12,4,4,104a,9,104a,9
Menachot,12,5,5,104b,4,104b,11
Menachot,13,1,2,104b,35,104b,46
Menachot,13,3,4,106b,38,106b,45
Menachot,13,5,5,107a,37,107a,40
Menachot,13,6,8,107a,74,107b,17
Menachot,13,9,9,108a,36,108a,39
Menachot,13,9,9,108b,34,108b,35
Menachot,13,10,10,109a,5,109a,12
Menachot,13,10,10,109a,30,109a,30
Menachot,13,11,11,110a,41,110a,42
Chullin,1,1,1,2a,1,2a,2
Chullin,1,1,1,13a,35,13a,35
Chullin,1,1,1,13b,40,13b,40
Chullin,1,1,1,14a,1,14a,1
Chullin,1,2,2,15b,14,15b,15
Chullin,1,2,2,18a,33,18a,34
Chullin,1,3,3,18a,41,18a,43
Chullin,1,4,4,19b,36,19b,40
Chullin,1,5,5,22a,24,22a,25
Chullin,1,6,6,23b,23,23b,23
Chullin,1,6,6,24a,18,24a,18
Chullin,1,6,6,24b,40,24b,40
Chullin,1,6,6,25a,22,25a,22
Chullin,1,6,6,25b,19,25b,19
Chullin,1,7,7,25b,31,25b,33
Chullin,1,7,7,26b,9,26b,9
Chullin,1,7,7,26b,22,26b,22
Chullin,1,7,7,26b,31,26b,36
Chullin,2,1,1,27a,1,27a,5
Chullin,2,2,3,30b,29,30b,35
Chullin,2,3,3,31a,37,31a,38
Chullin,2,3,3,32a,8,32a,10
Chullin,2,4,4,32a,47,32a,55
Chullin,2,5,5,33a,19,33a,21
Chullin,2,6,6,37a,3,37a,12
Chullin,2,7,7,38b,19,38b,24
Chullin,2,8,8,39b,51,40a,1
Chullin,2,9,9,41a,29,41b,1
Chullin,2,10,10,41b,26,41b,29
Chullin,3,1,1,42a,4,42a,21
Chullin,3,2,3,56a,2,56a,9
Chullin,3,4,4,56b,40,56b,48
Chullin,3,5,5,58b,44,58b,45
Chullin,3,6,7,59a,19,59a,30
Chullin,4,1,1,68a,1,68a,5
Chullin,4,2,2,69b,36,69b,37
Chullin,4,3,3,70b,1,70b,3
Chullin,4,3,3,71a,22,71a,22
Chullin,4,4,4,72a,40,72b,9
Chullin,4,5,5,74a,52,74b,3
Chullin,4,6,6,76a,1,76a,2
Chullin,4,7,7,77a,39,77a,44
Chullin,5,1,2,78a,10,78a,23
Chullin,5,3,3,81b,7,81b,8
Chullin,5,3,3,82a,31,82a,31
Chullin,5,3,3,82a,37,82a,42
Chullin,5,3,4,83a,20,83a,32
Chullin,5,5,5,83a,56,83a,59
Chullin,6,1,1,83b,6,83b,9
Chullin,6,2,2,85a,16,85a,17
Chullin,6,3,3,86a,20,86a,24
Chullin,6,4,4,86b,21,86b,24
Chullin,6,4,4,87a,3,87a,5
Chullin,6,5,6,87a,61,87b,7
Chullin,6,7,7,88a,26,88a,30
Chullin,7,1,1,89b,3,89b,9
Chullin,7,2,2,93b,64,93b,64
Chullin,7,2,3,96a,16,96a,22
Chullin,7,4,5,96b,16,96b,19
Chullin,7,6,6,100b,2,100b,8
Chullin,8,1,1,103b,44,104a,1
Chullin,8,1,1,104b,12,104b,16
Chullin,8,2,2,107b,50,107b,52
Chullin,8,3,3,108a,4,108a,5
Chullin,8,3,3,109a,18,109a,19
Chullin,8,3,3,113a,39,113a,39
Chullin,8,4,4,113a,44,113a,50
Chullin,8,5,5,116a,40,116b,2
Chullin,8,6,6,116b,43,117a,2
Chullin,9,1,1,117b,8,117b,12
Chullin,9,2,2,122a,17,122a,26
Chullin,9,3,3,123a,9,123a,14
Chullin,9,4,4,124a,45,124a,49
Chullin,9,5,5,124b,60,125a,2
Chullin,9,6,6,126b,27,126b,30
Chullin,9,7,7,127a,50,127b,6
Chullin,9,8,8,129b,22,129b,23
Chullin,10,1,2,130a,1,130a,9
Chullin,10,3,3,132a,44,132a,49
Chullin,10,4,4,134a,23,134a,25
Chullin,10,4,4,134b,31,134b,35
Chullin,11,1,2,135a,1,135a,18
Chullin,12,1,2,138b,8,138b,14
Chullin,12,3,3,140b,39,140b,43
Chullin,12,3,3,141a,12,141a,14
Chullin,12,4,4,141a,34,141a,38
Chullin,12,5,5,142a,5,142a,6
Bekhorot,1,1,1,2a,1,2a,2
Bekhorot,1,1,1,3b,43,3b,44
Bekhorot,1,2,2,5b,35,5b,38
Bekhorot,1,2,2,7b,44,7b,45
Bekhorot,1,3,4,9a,11,9a,20
Bekhorot,1,5,5,9b,9,12a,3
Bekhorot,1,6,6,12b,36,12b,44
Bekhorot,1,7,7,13a,10,13a,19
Bekhorot,2,1,1,13a,21,13a,23
Bekhorot,2,2,3,14a,1,14a,2
Bekhorot,2,4,5,16a,49,16b,5
Bekhorot,2,6,6,17a,72,17b,5
Bekhorot,2,7,8,18b,39,18b,65
Bekhorot,2,9,9,19a,2,19a,5
Bekhorot,3,1,1,19b,9,19b,17
Bekhorot,3,1,1,21b,39,21b,40
Bekhorot,3,2,2,23b,33,23b,35
Bekhorot,3,3,3,24b,9,24b,11
Bekhorot,3,4,4,25a,66,25b,4
Bekhorot,4,1,2,26b,20,26b,33
Bekhorot,4,3,4,28a,38,28a,41
Bekhorot,4,4,4,28b,40,28b,46
Bekhorot,4,5,5,28b,51,29a,1
Bekhorot,4,6,6,29a,11,29a,14
Bekhorot,4,7,7,29b,10,29b,13
Bekhorot,4,8,8,29b,34,29b,34
Bekhorot,4,9,9,29b,37,29b,39
Bekhorot,4,10,10,30a,7,30a,10
Bekhorot,5,1,1,31a,45,31a,47
Bekhorot,5,2,2,32b,29,32b,30
Bekhorot,5,2,2,33b,12,33b,16
Bekhorot,5,3,3,34a,33,34a,35
Bekhorot,5,3,3,35a,4,35a,12
Bekhorot,5,4,4,35a,26,35a,26
Bekhorot,5,4,4,35a,49,35a,53
Bekhorot,5,5,5,36a,61,36a,61
Bekhorot,5,5,5,36b,35,36b,35
Bekhorot,5,5,5,36b,42,36b,44
Bekhorot,5,6,6,37a,20,37a,23
Bekhorot,6,1,1,37a,42,37a,49
Bekhorot,6,2,2,38a,48,38a,51
Bekhorot,6,2,3,38b,31,38b,47
Bekhorot,6,4,4,39a,25,39a,26
Bekhorot,6,4,4,39a,31,39a,33
Bekhorot,6,5,5,39b,39,39b,40
Bekhorot,6,6,6,40a,9,40a,14
Bekhorot,6,7,7,40a,35,40a,36
Bekhorot,6,8,8,40a,48,40a,54
Bekhorot,6,9,9,40a,76,40a,77
Bekhorot,6,9,9,40b,9,40b,12
Bekhorot,6,10,10,40b,32,40b,37
Bekhorot,6,11,11,40b,61,40b,66
Bekhorot,6,11,11,41a,3,41a,3
Bekhorot,6,12,12,41a,17,41a,23
Bekhorot,7,1,2,43a,3,43a,8
Bekhorot,7,2,2,43b,44,43b,48
Bekhorot,7,3,3,43b,64,43b,66
Bekhorot,7,4,5,44a,46,44a,51
Bekhorot,7,5,5,44b,1,44b,1
Bekhorot,7,5,5,44b,50,44b,56
Bekhorot,7,6,6,44b,72,45a,6
Bekhorot,7,6,6,45b,31,45b,35
Bekhorot,7,7,7,45b,62,45b,65
Bekhorot,8,1,1,46a,10,46a,25
Bekhorot,8,1,2,47b,30,47b,34
Bekhorot,8,3,3,48a,1,48a,6
Bekhorot,8,4,4,48b,30,48b,45
Bekhorot,8,5,6,49a,9,49a,13
Bekhorot,8,6,6,49a,25,49a,28
Bekhorot,8,7,7,49b,29,49b,31
Bekhorot,8,8,8,51a,16,51a,20
Bekhorot,8,9,9,51b,42,52a,1
Bekhorot,8,10,10,52b,4,52b,10
Bekhorot,9,1,1,53a,1,53a,6
Bekhorot,9,2,2,54b,33,54b,39
Bekhorot,9,3,3,55b,22,55b,22
Bekhorot,9,3,3,56b,10,56b,12
Bekhorot,9,4,4,57a,12,57a,15
Bekhorot,9,5,6,57b,17,57b,33
Bekhorot,9,7,7,58b,7,58b,15
Bekhorot,9,8,8,60a,19,60a,29
Arakhin,1,1,1,2a,1,2a,3
Arakhin,1,1,1,5a,42,5a,42
Arakhin,1,2,2,5b,16,5b,19
Arakhin,1,3,3,6b,25,6b,29
Arakhin,1,4,4,7a,37,7a,40
Arakhin,2,1,1,7b,42,7b,48
Arakhin,2,1,1,8a,12,8a,12
Arakhin,2,1,1,8b,12,8b,12
Arakhin,2,2,2,8b,26,8b,29
Arakhin,2,3,4,10a,4,10a,15
Arakhin,2,5,5,13a,24,13a,25
Arakhin,2,6,6,13b,22,13b,26
Arakhin,3,1,1,13b,57,13b,59
Arakhin,3,2,2,14a,12,14a,17
Arakhin,3,3,3,14b,52,14b,55
Arakhin,3,4,4,14b,61,14b,62
Arakhin,3,5,5,15a,11,15a,14
Arakhin,4,1,1,17a,19,17a,27
Arakhin,4,2,3,17b,13,17b,17
Arakhin,4,4,4,18a,32,18a,37
Arakhin,4,4,4,18a,42,18a,50
Arakhin,5,1,1,19a,6,19a,14
Arakhin,5,2,2,19b,40,19b,41
Arakhin,5,2,4,20a,14,20a,26
Arakhin,5,5,5,20b,4,20b,5
Arakhin,5,6,6,21a,25,21a,30
Arakhin,6,1,1,21b,27,21b,27
Arakhin,6,1,1,23a,1,23a,5
Arakhin,6,2,2,23b,29,23b,30
Arakhin,6,2,5,24a,16,24a,22
Arakhin,7,1,1,24a,27,24a,28
Arakhin,7,1,2,25a,14,25a,21
Arakhin,7,3,3,25a,49,25a,54
Arakhin,7,4,4,25b,41,25b,47
Arakhin,7,5,5,26b,56,26b,62
Arakhin,8,1,1,27a,21,27a,31
Arakhin,8,2,3,27a,59,27b,4
Arakhin,8,4,4,28a,4,28a,6
Arakhin,8,5,5,28a,39,28a,45
Arakhin,8,6,7,28b,34,28b,47
Arakhin,8,7,7,29a,74,29a,76
Arakhin,9,1,1,29b,1,29b,6
Arakhin,9,2,2,30a,26,30a,31
Arakhin,9,3,8,31a,7,31a,14
Arakhin,9,8,8,33b,34,33b,38
Temurah,1,1,1,2a,1,2a,2
Temurah,1,1,1,7b,46,7b,55
Temurah,1,2,2,9a,2,9a,4
Temurah,1,2,2,9a,37,9a,40
Temurah,1,3,3,10a,33,10a,37
Temurah,1,4,5,12a,12,12a,19
Temurah,1,6,6,13a,26,13a,32
Temurah,2,1,1,14a,1,14a,9
Temurah,2,2,2,15a,2,15a,7
Temurah,2,3,3,16b,13,17a,5
Temurah,3,1,1,17b,4,17b,5
Temurah,3,1,1,18a,24,18a,33
Temurah,3,2,3,18b,21,18b,41
Temurah,3,3,3,19b,9,19b,10
Temurah,3,3,4,20b,8,20b,21
Temurah,3,5,5,21a,5,21a,11
Temurah,4,1,1,21b,34,22a,2
Temurah,4,2,4,22b,46,22b,57
Temurah,5,1,2,24b,1,24b,9
Temurah,5,3,3,25a,45,25a,49
Temurah,5,4,4,25b,47,25b,50
Temurah,5,5,5,26b,8,26b,9
Temurah,5,6,6,27b,29,27b,32
Temurah,6,1,1,28a,1,28a,8
Temurah,6,2,2,29a,44,29a,48
Temurah,6,3,3,30a,18,30a,23
Temurah,6,4,5,30b,24,30b,36
Temurah,7,1,2,31a,40,31b,4
Temurah,7,3,3,32a,1,32a,5
Temurah,7,4,6,33b,36,34a,9
Keritot,1,1,2,2a,1,2a,17
Keritot,1,3,5,7b,24,7b,36
Keritot,1,6,6,7b,70,7b,79
Keritot,1,7,7,8a,46,8a,54
Keritot,2,1,1,8b,8,8b,12
Keritot,2,2,3,9a,50,9b,19
Keritot,2,4,4,10b,16,10b,17
Keritot,2,4,5,10b,54,11a,8
Keritot,2,6,6,11a,79,11a,79
Keritot,3,1,2,11b,12,11b,31
Keritot,3,3,3,12b,71,12b,77
Keritot,3,4,4,13b,64,13b,69
Keritot,3,5,5,14a,52,14a,52
Keritot,3,5,5,14b,8,14b,11
Keritot,3,6,6,14b,35,14b,40
Keritot,3,7,7,15a,8,15a,14
Keritot,3,8,8,15a,59,15b,3
Keritot,3,9,9,15b,19,15b,38
Keritot,3,10,10,16a,25,16a,39
Keritot,4,1,2,17a,64,17b,7
Keritot,4,2,3,19a,31,19a,48
Keritot,5,1,1,20b,19,20b,20
Keritot,5,2,3,22a,74,22a,82
Keritot,5,3,8,22b,46,23a,33
Keritot,6,1,2,23b,22,23b,33
Keritot,6,3,5,25a,39,25a,50
Keritot,6,6,6,26b,37,26b,39
Keritot,6,7,7,27b,1,27b,3
Keritot,6,8,8,27b,23,27b,26
Keritot,6,9,9,28a,64,28a,75
Meilah,1,1,1,2a,1,2a,8
Meilah,1,2,3,6b,1,6b,11
Meilah,1,4,4,7b,12,7b,19
Meilah,2,1,1,8a,3,8a,5
Meilah,2,2,8,9a,15,9a,34
Meilah,2,9,9,10a,12,10a,16
Meilah,3,1,1,10b,16,11a,1
Meilah,3,2,2,11a,6,11a,10
Meilah,3,3,3,11a,16,11a,19
Meilah,3,4,4,11b,24,11b,26
Meilah,3,5,5,12b,20,12b,21
Meilah,3,6,6,12b,28,13a,9
Meilah,3,7,7,13b,1,13b,7
Meilah,3,8,8,13b,24,13b,26
Meilah,3,8,8,14a,22,14a,22
Meilah,4,1,1,15a,1,15a,3
Meilah,4,2,2,15b,1,15b,4
Meilah,4,2,3,15b,33,15b,34
Meilah,4,3,3,17a,3,17a,6
Meilah,4,4,4,17b,33,17b,34
Meilah,4,4,5,17b,37,17b,38
Meilah,4,6,6,18a,1,18a,3
Meilah,4,6,6,18a,9,18a,11
Meilah,5,1,1,18a,20,18a,26
Meilah,5,2,3,19b,1,19b,8
Meilah,5,4,5,19b,39,20a,5
Meilah,6,1,1,20a,29,20a,29
Meilah,6,1,2,21a,3,21a,13
Meilah,6,3,4,21a,31,21b,3
Meilah,6,5,6,21b,19,21b,30
Tamid,1,1,2,25b,1,26a,13
Tamid,1,3,4,28a,33,28b,5
Tamid,2,1,5,28b,22,29a,10
Tamid,3,1,9,30a,13,30b,34
Tamid,4,1,3,30b,36,31b,17
Tamid,5,1,6,32b,41,33a,13
Tamid,6,1,3,33a,15,33a,30
Tamid,7,1,4,33b,1,33b,37
Niddah,1,1,2,2a,1,2a,12
Niddah,1,3,6,7a,23,7b,14
Niddah,1,7,7,11a,23,11a,28
Niddah,2,1,1,13a,1,13a,1
Niddah,2,1,1,13b,53,13b,53
Niddah,2,1,3,14a,13,14a,22
Niddah,2,4,4,15a,38,15a,39
Niddah,2,4,4,16a,43,16a,46
Niddah,2,5,5,17b,2,17b,4
Niddah,2,6,7,19a,6,19a,24
Niddah,3,1,2,21a,10,21a,17
Niddah,3,3,3,24b,46,24b,47
Niddah,3,4,4,26a,18,26a,21
Niddah,3,5,5,28a,39,28a,44
Niddah,3,6,6,29a,54,29a,54
Niddah,3,7,7,30a,31,30a,35
Niddah,4,1,1,31b,56,31b,58
Niddah,4,2,2,33b,36,33b,38
Niddah,4,3,3,34a,3,34a,8
Niddah,4,4,5,36b,1,36b,13
Niddah,4,6,6,38b,24,38b,28
Niddah,4,7,7,38b,48,39a,5
Niddah,5,1,2,40a,1,40a,7
Niddah,5,3,3,43b,68,44a,1
Niddah,5,4,4,44b,21,44b,26
Niddah,5,5,5,45a,58,45a,61
Niddah,5,6,6,45b,2,45b,5
Niddah,5,7,8,47a,15,47a,28
Niddah,5,9,9,47b,33,47b,38
Niddah,6,1,1,48a,29,48a,34
Niddah,6,2,3,49a,12,49a,15
Niddah,6,4,4,49b,22,49b,22
Niddah,6,4,4,49b,34,49b,34
Niddah,6,5,5,50a,26,50a,26
Niddah,6,6,6,50a,29,50a,29
Niddah,6,7,8,51b,21,51b,22
Niddah,6,9,9,51b,25,51b,26
Niddah,6,10,10,51b,36,51b,36
Niddah,6,11,11,52a,2,52a,7
Niddah,6,12,12,52b,25,52b,27
Niddah,6,13,13,52b,30,52b,31
Niddah,6,14,14,53b,38,53b,40
Niddah,7,1,1,54b,14,54b,20
Niddah,7,2,2,56a,68,56a,72
Niddah,7,3,3,56b,29,56b,32
Niddah,7,4,5,56b,54,56b,62
Niddah,8,1,1,57b,1,57b,6
Niddah,8,2,4,58b,9,58b,31
Niddah,9,1,2,59b,1,59b,6
Niddah,9,3,3,59b,56,59b,60
Niddah,9,4,4,60b,28,60b,30
Niddah,9,5,5,61a,2,61a,16
Niddah,9,6,7,61b,42,62a,7
Niddah,9,8,8,63a,60,63a,63
Niddah,9,9,9,63b,32,63b,38
Niddah,9,10,10,63b,67,63b,69
Niddah,9,11,11,64b,2,64b,5
Niddah,10,1,1,64b,13,64b,18
Niddah,10,2,2,68a,18,68a,24
Niddah,10,3,3,68b,35,68b,40
Niddah,10,4,4,69b,14,69b,19
Niddah,10,5,5,71a,27,71a,32
Niddah,10,6,6,71b,10,71b,14
Niddah,10,7,7,71b,22,71b,25
Niddah,10,8,8,71b,42,72a,9
