prio,Section,English Title,Hebrew Title,Transliterated Title,Completion,Title Variants,Categories,Text Structure,Ready for upload?,Length,Lengths,Order,Genre/Tags,Availability Online,Author,One line bio,Brief description,Talmud Page Numbers
0,6.1.1,Berakhot,תלמוד ברכות,Talmud Berakhot,100%,,"Talmud, Bavli, Seder Zeraim","Daf, Line",,,,1,"Talmud, Babylonian Talmud",,,,,64a
0,6.1.2,Shabbat,תלמוד שבת,Talmud Shabbat,100%,,"Talmud, Bavli, Seder Moed","Daf, Line",,,,2,"Talmud, Babylonian Talmud",,,,,157b 
0,6.1.2,Eiruvin,תלמוד עירובין,Talmud Eiruvin,100%,,"Talmud, Bavli, Seder Moed","Daf, Line",,,,3,"Talmud, Babylonian Talmud",,,,,105a
0,6.1.2,Pesachim,תלמוד פסחים,Talmud Pesachim,100%,,"Talmud, Bavli, Seder Moed","Daf, Line",,,,4,"Talmud, Babylonian Talmud",,,,,121b
0,6.1.2,Yoma,תלמוד יומא,Talmud Yoma,100%,,"Talmud, Bavli, Seder Moed","Daf, Line",,,,5,"Talmud, Babylonian Talmud",,,,,88a
0,6.1.2,Sukkah,תלמוד סוכה,Talmud Sukkah,100%,,"Talmud, Bavli, Seder Moed","Daf, Line",,,,6,"Talmud, Babylonian Talmud",,,,,56b
0,6.1.2,Beitzah,תלמוד ביצה,Talmud Beitsah,100%,,"Talmud, Bavli, Seder Moed","Daf, Line",,,,7,"Talmud, Babylonian Talmud",,,,,40b 
0,6.1.2,Rosh Hashanah,תלמוד ראש השנה,Talmud Rosh Hashanah,100%,,"Talmud, Bavli, Seder Moed","Daf, Line",,,,8,"Talmud, Babylonian Talmud",,,,,35a
0,6.1.2,Taanit,תלמוד תענית,Talmud Ta'anit,100%,,"Talmud, Bavli, Seder Moed","Daf, Line",,,,9,"Talmud, Babylonian Talmud",,,,,31a
0,6.1.2,Megillah,תלמוד מגילה,Talmud Megillah,100%,,"Talmud, Bavli, Seder Moed","Daf, Line",,,,10,"Talmud, Babylonian Talmud",,,,,32a
0,6.1.2,Moed Kattan,תלמוד מועד קטן,Talmud Moed Katan,100%,,"Talmud, Bavli, Seder Moed","Daf, Line",,,,11,"Talmud, Babylonian Talmud",,,,,29a 
0,6.1.2,Hagigah,תלמוד חגיגה,Talmud Chagigah,100%,,"Talmud, Bavli, Seder Moed","Daf, Line",,,,12,"Talmud, Babylonian Talmud",,,,,27a
0,6.1.3,Gittin,תלמוד גיטין,Talmud Gittin,100%,,"Talmud, Bavli, Seder Nashim","Daf, Line",,,,18,"Talmud, Babylonian Talmud",,,,,90b
0,6.1.3,Ketubot,תלמוד כתובות,Talmud Ketubot,100%,,"Talmud, Bavli, Seder Nashim","Daf, Line",,,,14,"Talmud, Babylonian Talmud",,,,,112b
0,6.1.3,Kiddushin,תלמוד קידושין,Talmud Kiddushin,100%,,"Talmud, Bavli, Seder Nashim","Daf, Line",,,,19,"Talmud, Babylonian Talmud",,,,,88b
0,6.1.3,Nazir,תלמוד נזיר,Talmud Nazir,100%,,"Talmud, Bavli, Seder Nashim","Daf, Line",,,,16,"Talmud, Babylonian Talmud",,,,,66b
0,6.1.3,Nedarim,תלמוד נדרים,Talmud Nedarim,100%,,"Talmud, Bavli, Seder Nashim","Daf, Line",,,,15,"Talmud, Babylonian Talmud",,,,,91b
0,6.1.3,Sotah,תלמוד סוטה,Talmud Sotah,100%,,"Talmud, Bavli, Seder Nashim","Daf, Line",,,,17,"Talmud, Babylonian Talmud",,,,,49b
0,6.1.3,Yevamot,תלמוד יבמות,Talmud Yevamot,100%,,"Talmud, Bavli, Seder Nashim","Daf, Line",,,,13,"Talmud, Babylonian Talmud",,,,,122b
0,6.1.4,Avodah Zarah,תלמוד עבודה זרה,Talmud Avodah Zarah,100%,,"Talmud, Bavli, Seder Nezikin","Daf, Line",,,,27,"Talmud, Babylonian Talmud",,,,,76b
0,6.1.4,Bava Batra,תלמוד בבא בתרא,Talmud Bava Batra,100%,,"Talmud, Bavli, Seder Nezikin","Daf, Line",,,,22,"Talmud, Babylonian Talmud",,,,,176b
0,6.1.4,Bava Kamma,תלמוד בבא קמא,Talmud Bava Kamma,100%,,"Talmud, Bavli, Seder Nezikin","Daf, Line",,,,20,"Talmud, Babylonian Talmud",,,,,119b
0,6.1.4,Bava Metzia,תלמוד בבא מציעא,Talmud Bava Metsia,100%,,"Talmud, Bavli, Seder Nezikin","Daf, Line",,,,21,"Talmud, Babylonian Talmud",,,,,119a
0,6.1.4,Horayot,תלמוד הוריות,Talmud Horayot,100%,,"Talmud, Bavli, Seder Nezikin","Daf, Line",,,,25,"Talmud, Babylonian Talmud",,,,,14a
0,6.1.4,Makkot,תלמוד מכות,Talmud Makkot,100%,,"Talmud, Bavli, Seder Nezikin","Daf, Line",,,,24,"Talmud, Babylonian Talmud",,,,,24b
0,6.1.4,Sanhedrin,תלמוד סנהדרין,Talmud Sanhedrin,100%,,"Talmud, Bavli, Seder Nezikin","Daf, Line",,,,23,"Talmud, Babylonian Talmud",,,,,113b
0,6.1.4,Shevuot,תלמוד שבועות,Talmud Shevu'ot,100%,,"Talmud, Bavli, Seder Nezikin","Daf, Line",,,,26,"Talmud, Babylonian Talmud",,,,,49b
0,6.1.5,Arakhin,תלמוד ערכין,Talmud Arakhin,100%,,"Talmud, Bavli, Seder Kodashim","Daf, Line",,,,32,"Talmud, Babylonian Talmud",,,,,34a
0,6.1.5,Bekhorot,תלמוד בכורות,Talmud Bekhorot,100%,,"Talmud, Bavli, Seder Kodashim","Daf, Line",,,,31,"Talmud, Babylonian Talmud",,,,,61a
0,6.1.5,Chullin,תלמוד חולין,Talmud Chullin,100%,,"Talmud, Bavli, Seder Kodashim","Daf, Line",,,,30,"Talmud, Babylonian Talmud",,,,,142a
0,6.1.5,Keritot,תלמוד כריתות,Talmud Keritot,100%,,"Talmud, Bavli, Seder Kodashim","Daf, Line",,,,34,"Talmud, Babylonian Talmud",,,,,28b
0,6.1.5,Meilah,תלמוד מעילה,Talmud Me'ilah,100%,,"Talmud, Bavli, Seder Kodashim","Daf, Line",,,,35,"Talmud, Babylonian Talmud",,,,,22a
0,6.1.5,Menachot,תלמוד מנחות,Talmud Menachot,100%,,"Talmud, Bavli, Seder Kodashim","Daf, Line",,,,29,"Talmud, Babylonian Talmud",,,,,110a
0,6.1.5,Temurah,תלמוד תמורה,Talmud Temurah,100%,,"Talmud, Bavli, Seder Kodashim","Daf, Line",,,,33,"Talmud, Babylonian Talmud",,,,,34a
0,6.1.5,Zevachim,תלמוד זבחים,Talmud Zevachim,100%,,"Talmud, Bavli, Seder Kodashim","Daf, Line",,,,28,"Talmud, Babylonian Talmud",,,,,120b
0,6.1.6,Niddah,תלמוד נדה,Talmud Niddah,100%,,"Talmud, Bavli, Seder Tahorot","Daf, Line",,,,36,"Talmud, Babylonian Talmud",,,,,73a
0,6.2.1.1,Jerusalem Talmud Berakhot,תלמוד ירושלמי ברכות,Talmud Yerushalmi Berakhot,100%,"JT Berakhot, JT Berachot, Yerushalmi Berakhot, Yerushalmi Berachot","Talmud, Yerushalmi, Seder Zeraim","Daf, Halakhah",X,,,1,Jerusalem Talmud,,,,,
0,6.2.1.2,Jerusalem Talmud Peah ,תלמוד ירושלמי פאה,Talmud Yerushalmi Pe'ah,100%,"JT Peah, JT Pe'ah, Yerushalmi Peah, Yerushalmi Pe'ah","Talmud, Yerushalmi, Seder Zeraim","Daf, Halakhah",X,,,2,Jerusalem Talmud,,,,,
0,6.2.1.3,Jerusalem Talmud Demai ,תלמוד ירושלמי דמאי,Talmud Yerushalmi Demai,100%,"JT Demai, JT Dmai, Yerushalmi Demai, Yerushalmi Dmai","Talmud, Yerushalmi, Seder Zeraim","Daf, Halakhah",X,,,3,Jerusalem Talmud,,,,,
0,6.2.1.4,Jerusalem Talmud Kilayim,תלמוד ירושלמי כלאים,Talmud Yerushalmi Kilayim,100%,"JT Kilayim, Yerushalmi Kilayim","Talmud, Yerushalmi, Seder Zeraim","Daf, Halakhah",X,,,4,Jerusalem Talmud,,,,,
0,6.2.1.5, Jerusalem Talmud Shevi'it ,תלמוד ירושלמי שביעית,Talmud Yerushalmi Shevi'it,100%,"JT Shevi'it, JT Sheviit, Yerushalmi Shevi'it, Yerushalmi Sheviit","Talmud, Yerushalmi, Seder Zeraim","Daf, Halakhah",X,,,5,Jerusalem Talmud,,,,,
0,6.2.1.6,Jerusalem Talmud Terumot ,תלמוד ירושלמי תרומות,Talmud Yerushalmi Terumot,100%,"JT Terumot, JT Trumot, Yerushalmi Terumot, Yerushalmi Trumot, Yerushalmi Terumos","Talmud, Yerushalmi, Seder Zeraim","Daf, Halakhah",X,,,6,Jerusalem Talmud,,,,,
0,6.2.1.7,Jerusalem Talmud Ma'asrot,תלמוד ירושלמי מעשרות,Talmud Yerushalmi Ma'asrot,100%,"JT Ma'asrot, JT Maasrot, Yerushalmi Ma'asrot, Yerushalmi Maasrot","Talmud, Yerushalmi, Seder Zeraim","Daf, Halakhah",X,,,7,Jerusalem Talmud,,,,,
0,6.2.1.8, Jerusalem Talmud Ma'aser Sheni ,תלמוד ירושלמי מעשר שני,Talmud Yerushalmi Ma'aser Sheni,100%,"JT Ma'aser Sheni, JT Maaser Sheni, Yerushalmi Ma'aser Sheni, Yerushalmi Maaser Sheni","Talmud, Yerushalmi, Seder Zeraim","Daf, Halakhah",X,,,8,Jerusalem Talmud,,,,,
0,6.2.1.9,Jerusalem Talmud Hallah  ,תלמוד ירושלמי חלה,Talmud Yerushalmi Challah,100%,"JT Challah, JT Hallah, Yerushalmi Challah, Yerushalmi Hallah","Talmud, Yerushalmi, Seder Zeraim","Daf, Halakhah",X,,,9,Jerusalem Talmud,,,,,
0,6.2.1.10,Jerusalem Talmud Orlah ,תלמוד ירושלמי ערלה,Talmud Yerushalmi Orlah,100%,"JT Orlah, Yerushalmi Orlah","Talmud, Yerushalmi, Seder Zeraim","Daf, Halakhah",X,,,10,Jerusalem Talmud,,,,,
0,6.2.1.11,Jerusalem Talmud Bikkurim ,תלמוד ירושלמי בכורים,Talmud Yerushalmi Bikkurim,100%,"JT Bikkurim, JT Bikurim, Yerushalmi Bikkurim, Yerushalmi Bikurim","Talmud, Yerushalmi, Seder Zeraim","Daf, Halakhah",X,,,11,Jerusalem Talmud,,,,,
0,6.2.2.1,Jerusalem Talmud Shabbat,תלמוד ירושלמי שבת,Talmud Yerushalmi Shabbat,100%,"JT Shabbat, Yerushalmi Shabbat, Yerushalmi Shabbos","Talmud, Yerushalmi, Seder Moed","Daf, Halakhah",X,,,12,Jerusalem Talmud,,,,,
0,6.2.2.2,Jerusalem Talmud Eiruvin,תלמוד ירושלמי עירובין,Talmud Yerushalmi Eiruvin,100%,"JT Eiruvin, JT Eruvin, Yerushalmi Eiruvin, Yerushalmi Eruvin","Talmud, Yerushalmi, Seder Moed","Daf, Halakhah",X,,,13,Jerusalem Talmud,,,,,
0,6.2.2.3,Jerusalem Talmud Pesachim,תלמוד ירושלמי פסחים,Talmud Yerushalmi Pesachim,100%,"JT Pesachim, JT Psachim, Yerushalmi Pesachim, Yerushalmi Psachim","Talmud, Yerushalmi, Seder Moed","Daf, Halakhah",X,,,14,Jerusalem Talmud,,,,,
0,6.2.2.4,Jerusalem Talmud Yoma,תלמוד ירושלמי יומא,Tamud Yerushalmi Yoma,100%,"JT Yoma, Yerushalmi Yoma","Talmud, Yerushalmi, Seder Moed","Daf, Halakhah",X,,,15,Jerusalem Talmud,,,,,
0,6.2.2.5,Jerusalem Talmud Shekalim,תלמוד ירושלמי שקלים,Talmud Yerushalmi Shekalim,100%,"JT Shekalim, JT Shkalim, Yerushalmi Shekalim, Yerushalmi Shkalim","Talmud, Yerushalmi, Seder Moed","Daf, Halakhah",X,,,16,Jerusalem Talmud,,,,,
0,6.2.2.7,Jerusalem Talmud Sukkah,תלמוד ירושלמי סוכה,Talmud Yerushalmi Sukkah,100%,"JT Sukkah, Yerushalmi Sukkah","Talmud, Yerushalmi, Seder Moed","Daf, Halakhah",X,,,17,Jerusalem Talmud,,,,,
0,6.2.2.6,Jerusalem Talmud Rosh Hashanah,תלמוד ירושלמי ראש השנה,Talmud Yerushalmi Rosh Hashanah,100%,"JT Rosh HaShanah,Yerushalmi Rosh HaShanah","Talmud, Yerushalmi, Seder Moed","Daf, Halakhah",X,,,18,Jerusalem Talmud,,,,,
0,6.2.2.8,Jerusalem Talmud Beitzah,תלמוד ירושלמי ביצה,Talmud Yerushalmi Beitsah,100%,"JT Beitzah, Yerushalmi Beitzah","Talmud, Yerushalmi, Seder Moed","Daf, Halakhah",X,,,19,Jerusalem Talmud,,,,,
0,6.2.2.9,Jerusalem Talmud Ta'anit,תלמוד ירושלמי תענית,Talmud Yerushalmi Ta'anit,100%,"JT Ta'anit, JT Taanit, Yerushalmi Ta'anit, Yerushalmi Taanit, Yerushalmi Taanis","Talmud, Yerushalmi, Seder Moed","Daf, Halakhah",X,,,20,Jerusalem Talmud,,,,,
0,6.2.2.10,Jerusalem Talmud Megillah,תלמוד ירושלמי מגילה,Talmud Yerushalmi Megillah,100%,"JT Megillah, Yerushalmi Megillah","Talmud, Yerushalmi, Seder Moed","Daf, Halakhah",X,,,21,Jerusalem Talmud,,,,,
0,6.2.2.11,Jerusalem Talmud Chagigah,תלמוד ירושלמי חגיגה,Talmud Yerushalmi Chagigah,100%,"JT Chagigah, JT Hagigah, Yerushalmi Chagigah, Yerushalmi Hagigah","Talmud, Yerushalmi, Seder Moed","Daf, Halakhah",X,,,22,Jerusalem Talmud,,,,,
0,6.2.2.12,Jerusalem Talmud Moed Kattan,תלמוד ירושלמי מועד קטן,Talmud Yerushalmi Moed Katan,100%,"JT Moed Kattan, JT Mo'ed Kattan, Yerushalmi Moed Kattan, Yerushalmi Mo'ed Kattan","Talmud, Yerushalmi, Seder Moed","Daf, Halakhah",X,,,23,Jerusalem Talmud,,,,,
0,6.2.3.1,Jerusalem Talmud Yevamot,תלמוד ירושלמי יבמות,Talmud Yerushalmi Yevamot,100%,"JT Yevamot,Yerushalmi Yevamot, Yerushalmi Yevamos","Talmud, Yerushalmi, Seder Nashim","Daf, Halakhah",X,,,24,Jerusalem Talmud,,,,,
0,6.2.3.7,Jerusalem Talmud Sotah ,תלמוד ירושלמי סוטה,Talmud Yerushalmi Sotah,100%,"JT Sotah, Yerushalmi Sotah","Talmud, Yerushalmi, Seder Nashim","Daf, Halakhah",X,,,25,Jerusalem Talmud,,,,,
0,6.2.3.2,Jerusalem Talmud Ketubot ,תלמוד ירושלמי כתובות,Talmud Yerushalmi Ketubot,100%,"JT Ketubot, JT Ktubot, Yerushalmi Ketubot, Yerushalmi Ktubot, Yerushalmi Kesuvos","Talmud, Yerushalmi, Seder Nashim","Daf, Halakhah",X,,,26,Jerusalem Talmud,,,,,
0,6.2.3.3,Jerusalem Talmud Nedarim ,תלמוד ירושלמי נדרים,Talmud Yerushalmi Nedarim,100%,"JT Nedarim, Yerushalmi Nedarim","Talmud, Yerushalmi, Seder Nashim","Daf, Halakhah",X,,,27,Jerusalem Talmud,,,,,
0,6.2.3.4,Jerusalem Talmud Nazir ,תלמוד ירושלמי נזיר,Talmud Yerushalmi Nazir,100%,"JT Nazir, Yerushalmi Nazir","Talmud, Yerushalmi, Seder Nashim","Daf, Halakhah",X,,,28,Jerusalem Talmud,,,,,
0,6.2.3.5,Jerusalem Talmud Gittin ,תלמוד ירושלמי גיטין,Talmud Yerushalmi Gittin,100%,"JT Gittin, Yerushalmi Gittin","Talmud, Yerushalmi, Seder Nashim","Daf, Halakhah",X,,,29,Jerusalem Talmud,,,,,
0,6.2.3.6,Jerusalem Talmud Kiddushin,תלמוד ירושלמי קידושין,Talmud Yerushalmi Kiddushin,100%,"JT Kiddushin, Yerushalmi Kiddushin","Talmud, Yerushalmi, Seder Nashim","Daf, Halakhah",X,,,30,Jerusalem Talmud,,,,,
0,6.2.4.1,Jerusalem Talmud Bava Kamma,תלמוד ירושלמי בבא קמא,Talmud Yerushalmi Bava Kamma,100%,"JT Bava Kamma, Yerushalmi Bava Kamma","Talmud, Yerushalmi, Seder Nezikin","Daf, Halakhah",X,,,31,Jerusalem Talmud,,,,,
0,6.2.4.2,Jerusalem Talmud Bava Metsia,תלמוד ירושלמי בבא מציעא,Talmud Yerushalmi Bava Metsia,100%,"JT Bava Metzia, JT Bava Metsia, Yerushalmi Bava Metzia, Yerushalmi Bava Metsia","Talmud, Yerushalmi, Seder Nezikin","Daf, Halakhah",X,,,32,Jerusalem Talmud,,,,,
0,6.2.4.3,Jerusalem Talmud Bava Batra ,תלמוד ירושלמי בבא בתרא,Talmud Yerushalmi Bava Batra,100%,"JT Bava Batra, Yerushalmi Bava Batra, Yerushalmi Bava Basra","Talmud, Yerushalmi, Seder Nezikin","Daf, Halakhah",X,,,33,Jerusalem Talmud,,,,,
0,6.2.4.6,Jerusalem Talmud Sanhedrin ,תלמוד ירושלמי סנהדרין,Talmud Yerushalmi Sanhedrin,100%,"JT Sanhedrin, Yerushalmi Sanhedrin","Talmud, Yerushalmi, Seder Nezikin","Daf, Halakhah",X,,,34,Jerusalem Talmud,,,,,
0,6.2.4.4,Jerusalem Talmud Shevuot,תלמוד ירושלמי שבועות,Talmud Yerushalmi Shevuot,100%,"JT Shvuot, JT Shevuot, Yerushalmi Shvuot, Yerushalmi Shevuot, Yerushalmi Shevuos","Talmud, Yerushalmi, Seder Nezikin","Daf, Halakhah",X,,,35,Jerusalem Talmud,,,,,
0,6.2.4.7,Jerusalem Talmud Avodah Zarah,תלמוד ירושלמי עבודה זרה,Talmud Yerushalmi Avodah Zarah,100%,"JT Avodah Zarah, Yerushalmi Avodah Zarah","Talmud, Yerushalmi, Seder Nezikin","Daf, Halakhah",X,,,36,Jerusalem Talmud,,,,,
0,6.2.4.5,Jerusalem Talmud Makkot ,תלמוד ירושלמי מכות,Talmud Yerushalmi Makkot,100%,"JT Makkot, Yerushalmi Makkot, Yerushalmi Makkos","Talmud, Yerushalmi, Seder Nezikin","Daf, Halakhah",X,,,37,Jerusalem Talmud,,,,,
0,6.2.4.8,Jerusalem Talmud Horayot,תלמוד ירושלמי הוריות,Talmud Yerushalmi Horayot,100%,"JT Horayot, Yerushalmi Horayot, Yerushalmi Horayos","Talmud, Yerushalmi, Seder Nezikin","Daf, Halakhah",X,,,38,Jerusalem Talmud,,,,,
0,6.2.5.1,Jerusalem Talmud Niddah,תלמוד ירושלמי נדה,Talmud Yerushalmi Niddah,100%,"JT Niddah, JT Nidah, Yerushalmi Niddah, Yerushalmi Nidah","Talmud, Yerushalmi, Seder Tahorot","Daf, Halakhah",X,,,39,Jerusalem Talmud,,,,,
1,3.4.1,Rashi,"רש""י",Rashi,,,"Commentary, Talmud, Talmud Bavli / Babylonian Talmud",,,,,,Commentary on Talmud (Early Commentator),,,,,
1,3.4.1,Tosafot ,תוספות  ,Tosefot,,,"Commentary, Talmud, Talmud Bavli / Babylonian Talmud",,,,,,Commentary on Talmud (Early Commentator),,,,,
2,3.4.1,Rif,"רי""ף",Rif,,,"Commentary, Talmud, Talmud Bavli / Babylonian Talmud",,,,,,Commentary on Talmud (Early Commentator),,,,,
2,3.4.1,Ramban,"רמב""ן",Ramban,,,"Commentary, Talmud, Talmud Bavli / Babylonian Talmud",,,,,,Commentary on Talmud (Early Commentator),,,,,
2,3.4.1,Ran,"ר""ן",Ran,,,"Commentary, Talmud, Talmud Bavli / Babylonian Talmud",,,,,,Commentary on Talmud (Early Commentator),,,,,
2,3.4.1,Ran (Nedarim),"ר""ן",Ran,,,"Commentary, Talmud, Talmud Bavli / Babylonian Talmud",,,,,,Commentary on Talmud (Early Commentator),,,,,
2,3.4.1,Rashba,"רבש""א",Rashba,,,"Commentary, Talmud, Talmud Bavli / Babylonian Talmud",,,,,,Commentary on Talmud (Early Commentator),,,,,
2,3.4.1,Rashbam,"רשב""ם",Rashbam,,,"Commentary, Talmud, Talmud Bavli / Babylonian Talmud",,,,,,Commentary on Talmud (Early Commentator),,,,,
2,3.4.1,Penei Yehoshua,פני יהושע,Penei Yehoshua,,,"Commentary, Talmud, Talmud Bavli / Babylonian Talmud",,,,,,Commentary on Talmud (Late Commentator),,,,,
2,3.4.1,Perush HaRosh,"פירוש הרא""ש",Perush HaRosh,,,"Commentary, Talmud, Talmud Bavli / Babylonian Talmud",,,,,,Commentary on Talmud (Early Commentator),,,,,
2,3.4.1,Ritva,"ריטב""א",Ritva,,,"Commentary, Talmud, Talmud Bavli / Babylonian Talmud",,,,,,Commentary on Talmud (Early Commentator),,,,,
2,3.4.1,Meiri,מאירי,Meiri,,,"Commentary, Talmud, Talmud Bavli / Babylonian Talmud",,,,,,Commentary on Talmud (Early Commentator),Meiri on kidushin in Eng: http://www.rmbsh.com/docs/Meiri.pdf,,,,
2,3.4.1,Chiddushei Rabbi Akiva Eiger,חידושי רבי עקיבא איגר,Chiddushei Rabbi Akiva Eger,,,"Commentary, Talmud, Talmud Bavli / Babylonian Talmud",,,,,,Commentary on Talmud (Late Commentator),,,,,
2,3.4.1,Mordekhai,מרדכי,Mordekhai,,,"Commentary, Talmud, Talmud Bavli / Babylonian Talmud",,,,,,Commentary on Talmud (Early Commentator),,,,,
3,3.4.1,Tosefot Rid,"תוספות רי""ד",Tosefot Rid,,,"Commentary, Talmud, Talmud Bavli / Babylonian Talmud",,,,,,Commentary on Talmud (Early Commentator),,Isaiah di Trani (the elder),11th/12th century Italian Talmudist,,
3,3.4.1,Rabbenu Chananel,רבינו חננאל,Rabbeinu Chananel,,"ר""ח","Commentary, Talmud, Talmud Bavli / Babylonian Talmud",,,,,,Commentary on Talmud (Early Commentator),,,,,
3,3.4.1,Maharsha,"מהרש""א",Maharsha,,,"Commentary, Talmud, Talmud Bavli / Babylonian Talmud",,,,,,Commentary on Talmud (Late Commentator),,,,,
3,3.4.1,Tselach (HaShalem),"צל""ח (השלם)",Tselach (HaShalem),,,"Commentary, Talmud, Talmud Bavli / Babylonian Talmud",,,,,,Commentary on Talmud (Late Commentator),,,,,
3,3.4.1,Chatam Sofer,חתם סופר,Chatam Sofer,,,"Commentary, Talmud, Talmud Bavli / Babylonian Talmud",,,,,,Commentary on Talmud (Late Commentator),,,,,
3,3.4.1,Chiddushei HaRim,"חידושי הרי""ם",Chiddushei HaRim,,,"Commentary, Talmud, Talmud Bavli / Babylonian Talmud",,,,,,Commentary on Talmud (Late Commentator),,Yitschak Meir Alter of Rothenberg,,,
3,3.4.1,Maharam of Lublin,"מהר""ם מלובלין",Maharam of Lublin,,,"Commentary, Talmud, Talmud Bavli / Babylonian Talmud",,,,,,Commentary on Talmud (Late Commentator),,,,,
3,3.4.1,Yad Ramah,יד רמה,Yad Ramah,,,"Commentary, Talmud, Talmud Bavli / Babylonian Talmud",,,,,,Commentary on Talmud (Early Commentator),,,,,
3,3.4.1,Yam Shel Shelomo,ים של שלמה,Yam Shel Shelomo,,"יש""ש","Commentary, Talmud, Talmud Bavli / Babylonian Talmud",,,,,,Commentary on Talmud (Late Commentator),,,,,
3,3.4.1,R. Nissim Ga’on,רבינו נסים גאון,Rabbeinu Nissim Gaon,,,"Commentary, Talmud, Talmud Bavli / Babylonian Talmud",,,,,,Commentary on Talmud (Early Commentator),,,,,
3,3.4.1,R. Samson of Sens,"ר""ש משנץ",Rosh MiShants,,,"Commentary, Talmud, Talmud Bavli / Babylonian Talmud",,,,,,Commentary on Talmud (Early Commentator),,,,,
3,3.4.1,Ra'ah,"רא""ה",Ra'ah,,,"Commentary, Talmud, Talmud Bavli / Babylonian Talmud",,,,,,Commentary on Talmud (Early Commentator),,,,,
3,3.4.1,Rabbenu Gershom ,רבינו גרשום,Rabbeinu Gershom,,,"Commentary, Talmud, Talmud Bavli / Babylonian Talmud",,,,,,Commentary on Talmud (Early Commentator),,,,,
3,3.4.1,Ri Migash,"ר""י מגאש",Ri MiGash,,,"Commentary, Talmud, Talmud Bavli / Babylonian Talmud",,,,,,Commentary on Talmud (Early Commentator),,,,,
3,3.4.1,Tosefot HaRashba,"תוספות הרשב""א",Tosefot HaRashba,,,"Commentary, Talmud, Talmud Bavli / Babylonian Talmud",,,,,,Commentary on Talmud (Early Commentator),,,,,
3,3.4.1,Tosafot Rabbenu Tam,תוספות רבינו תם,Tosefot Rabbeinu Tam,,,"Commentary, Talmud, Talmud Bavli / Babylonian Talmud",,,,,,Commentary on Talmud (Early Commentator),,,,,
3,3.4.1,Tosefot Rosh,"תוספות הרא""ש",Tosefot Rosh,,,"Commentary, Talmud, Talmud Bavli / Babylonian Talmud",,,,,,Commentary on Talmud (Early Commentator),,,,,
4,3.4.1,Aruch LaNer,ערוך לנר,Aruch LaNer,,,"Commentary, Talmud, Talmud Bavli / Babylonian Talmud",,,,,,Commentary on Talmud (Late Commentator),,,,,
4,3.4.1,Hagahot Ashiri,הגהות אשירי,Hagahot Ashiri,,,"Commentary, Talmud, Talmud Bavli / Babylonian Talmud",,,,,,Commentary on Rosh,,,,,
4,3.4.1,Beit Yaakov,בית יעקב,Beit Ya'akov,,,"Commentary, Talmud, Talmud Bavli / Babylonian Talmud",,,,,,Commentary on Talmud (Late Commentator),,,,,
4,3.4.1,Sefat Emet,שפת אמת,Sefat Emet,,,"Commentary, Talmud, Talmud Bavli / Babylonian Talmud",,,,,,Commentary on Talmud (Late Commentator),,,,,
4,3.4.1,"Shittah Mekubbetzet 
",שיטה מקובצת,Shitah Mekubetset,,,"Commentary, Talmud, Talmud Bavli / Babylonian Talmud",,,,,,"Commentary on Talmud (Early Commentator), 16th century",,,,,
4,3.4.1,Tosafot Ri HaZaken,"תוספות ר""י הזקן",Tosefot Ri HaZaken,,,"Commentary, Talmud, Talmud Bavli / Babylonian Talmud",,,,,,Commentary on Talmud (Early Commentator),,,,,
4,3.4.1,Hidushei Yaakov Emden,,,,,,,,,,,,,,,,
4,3.4.1,"Chazon Ish (Zera'im and Mo'ed, Yoreh Deah, Taharot Search only)",חזון איש,Chazon Ish,,,"Commentary, Talmud, Talmud Bavli / Babylonian Talmud",,,,,,Commentary on Talmud (Late Commentator),,,,,
4,3.4.1,Chochmat Shlomo,חכמת שלמה,Chochmat Shelomo,,,"Commentary, Talmud, Talmud Bavli / Babylonian Talmud",,,,,,Commentary on Talmud (Late Commentator),,,,,
4,3.4.1,Ein Ayah*,"עין אי""ה",Ayin Ayah,,,"Commentary, Talmud, Talmud Bavli / Babylonian Talmud",,,,,,Commentary on Talmud (Late Commentator),,,,,
4,3.4.1,Maharit,"מהרי""ט",Maharit,,,,,,Only a few masechets,,,,,Joseph Trani,16th/17th century Greek Talmudist,,
5,3.4.1,Daf al hadaf (folio by folio),דף על הדף,Daf al HaDaf,,,"Commentary, Talmud, Talmud Bavli / Babylonian Talmud",,,,,,Commentary on Talmud (Late Commentator),,,,,
5,3.4.1,Dikdukei Sofrim*,דקדוקי סופרים,Dikdukei Sofrim,,,"Commentary, Talmud, Talmud Bavli / Babylonian Talmud",,,,,,Commentary on Talmud (Late Commentator)/Scholarly Apparatus,,,,,
5,3.4.1,Gevurat Ari,גבורת ארי,Gvurat Ari,,,"Commentary, Talmud, Talmud Bavli / Babylonian Talmud",,,,,,Commentary on Talmud (Late Commentator),,,,,
5,3.4.1,Be'er Sheva,באר שבע,Be'er Sheva,,,"Commentary, Talmud, Talmud Bavli / Babylonian Talmud",,,,,,Commentary on Talmud (Late Commentator),,,,,
5,3.4.1,Hafla'ah,ספר הפלאה,Sefer Hafla'ah,,,"Commentary, Talmud, Talmud Bavli / Babylonian Talmud",,,,,,Commentary on Talmud (Late Commentator),,,,,
5,3.4.1,Chashukei Hemed,חשוקי חמד,Chashukei Chemed,,,"Commentary, Talmud, Talmud Bavli / Babylonian Talmud",,,,,,Commentary on Talmud (Late Commentator),,,,,
5,3.4.1,HaMakneh,המקנה,HaMakneh,,,"Commentary, Talmud, Talmud Bavli / Babylonian Talmud",,,,,,Commentary on Talmud (Late Commentator),,,,,
5,3.4.1,Kappot Temarim,כפות תמרים,Kappot Temarim,,,"Commentary, Talmud, Talmud Bavli / Babylonian Talmud",,,,,,Commentary on Talmud (Late Commentator),,,,,
5,3.4.1,Keren Orah,קרן אורה,Keren Orah,,,"Commentary, Talmud, Talmud Bavli / Babylonian Talmud",,,,,,Commentary on Talmud (Late Commentator),,,,,
5,3.4.1,Kovets He'arot,קובץ הארות,Kovets He'arot,,,"Commentary, Talmud, Talmud Bavli / Babylonian Talmud",,,,,,Commentary on Talmud (Late Commentator),,,,,
5,3.4.1,Mevo HaTalmud,מבוא התלמוד,Mevo HaTalmud,,,"Commentary, Talmud, Talmud Bavli / Babylonian Talmud",,,,,,Commentary on Talmud,,Maharats Chayot,,,
5,3.4.1,Mikdash David,מקדש דוד,Mikdash David,,,"Commentary, Talmud, Talmud Bavli / Babylonian Talmud",,,,,,Commentary on Talmud (Late Commentator),,,,,
5,3.4.1,Nachalat David,נחלת דוד,Nachalat David,,,"Commentary, Talmud, Talmud Bavli / Babylonian Talmud",,,,,,Commentary on Talmud (Late Commentator),,,,,
5,3.4.1,Od Yosef Chai,עוד יוסף חי,Od Yosef Chai,,,"Commentary, Talmud, Talmud Bavli / Babylonian Talmud",,,,,,Commentary on Talmud (Late Commentator),,,,,
5,3.4.1,R. Asher MiLunel,רבינו אשר מלונל,Rabbeinu Asher MiLunel,,,"Commentary, Talmud, Talmud Bavli / Babylonian Talmud",,,,,,Commentary on Talmud (Early Commentator),,,,,
5,3.4.1,R. Avraham Av Beit Din,רבי אברהם בית דין,Rabbi Avraham Beit Din,,,"Commentary, Talmud, Talmud Bavli / Babylonian Talmud",,,,,,Commentary on Talmud (Early Commentator),,,,,
5,3.4.1,R. Baruch HaSefaradi,רבי ברוך הספרדי,Rabbi Barukh HaSefaradi,,,"Commentary, Talmud, Talmud Bavli / Babylonian Talmud",,,,,,Commentary on Talmud (Early Commentator),,,,,
5,3.4.1,R. Eliezer of Toques,רבי אליעזר מתוק,Rabbi Eliezer MiToques,,,"Commentary, Talmud, Talmud Bavli / Babylonian Talmud",,,,,,Commentary on Talmud (Early Commentator),,,,,
5,3.4.1,R. Judah of Berena,רבי יהודה מברנה,Rabbi Yehudah MeBerena,,,"Commentary, Talmud, Talmud Bavli / Babylonian Talmud",,,,,,Commentary on Talmud (Early Commentator),,,,,
5,3.4.1,R. Judah of Paris,רבי יהודה מפריז,Rabbi Yehudah MiParis,,,"Commentary, Talmud, Talmud Bavli / Babylonian Talmud",,,,,,Commentary on Talmud (Early Commentator),,,,,
5,3.4.1,R. Mendel Klausner,רבי מנדל קלאוסנר,Rabbi Mendel Klausner,,,"Commentary, Talmud, Talmud Bavli / Babylonian Talmud",,,,,,Commentary on Talmud (Early Commentator),,,,,
5,3.4.1,R. Yitschak MiCarcassonne,רבי יצחק מקרקשאונה,Rabbi Yitschak MiCarcassonne,,,"Commentary, Talmud, Talmud Bavli / Babylonian Talmud",,,,,,Commentary on Talmud (Early Commentator),,,,,
5,3.4.1,Ritz Giat,"רי""ץ גיהת",Ritz Ghiyyat,,,"Commentary, Talmud, Talmud Bavli / Babylonian Talmud",,,,,,Commentary on Talmud (Early Commentator),,,,,
5,3.4.1,Rivavan,"ריבב""ן",Rivavan,,,"Commentary, Talmud, Talmud Bavli / Babylonian Talmud",,,,,,Commentary on Talmud (Early Commentator),,,,,
5,3.4.1,Sefer Haagudah,ספר האגודה,Sefer HaAgudah,,,"Commentary, Talmud, Talmud Bavli / Babylonian Talmud",,,,,,Commentary on Talmud (Early Commentator),,,,,
5,3.4.1,Sefer HaNer* (Berakhot),ספר הנר,Sefer HaNer,,,"Commentary, Talmud, Talmud Bavli / Babylonian Talmud",,,,,,,,,,,
5,3.4.1,Sefer HaYashar LeRabbeinu Tam,ספר הישר לרבינו תם,Sefer HaYashar LeRabbeinu Tam,,,"Commentary, Talmud, Talmud Bavli / Babylonian Talmud",,,,,,Commentary on Talmud (Early Commentator),,,,,
5,3.4.1,Seridei Eish - Chiddushim,שרידי אש - חידושים,Seridei Esh - Chiddushim,,,"Commentary, Talmud, Talmud Bavli / Babylonian Talmud",,,,,,Commentary on Talmud (Late Commentator),,,,,
5,3.4.1,Shabbat Shel Mi,שבת של מי,Shabbat shel Mi,,,"Commentary, Talmud, Talmud Bavli / Babylonian Talmud",,,,,,Commentary on Talmud (Late Commentator),,,,,
5,3.4.1,Tiferet Ya'akov,תפארת יעקב,Tiferet Ya'akov,,,"Commentary, Talmud, Talmud Bavli / Babylonian Talmud",,,,,,Commentary on Talmud (Late Commentator),,,,,
5,3.4.1,Torat Gittin,תורת גיטין,Torat Gittin,,,"Commentary, Talmud, Talmud Bavli / Babylonian Talmud",,,,,,Commentary on Talmud (Late Commentator),,,,,
5,3.4.1,Torat Hayyim,תורת חיים,Torat Chayyim,,,"Commentary, Talmud, Talmud Bavli / Babylonian Talmud",,,,,,Commentary on Talmud (Late Commentator),,,,,
5,3.4.1,Tosefet Yom HaKippurim,תוספות יום הכפורים,Tosefot Yom HaKippurim,,,"Commentary, Talmud, Talmud Bavli / Babylonian Talmud",,,,,,Commentary on Talmud (Late Commentator),,,,,
5,3.4.1,Tosefot Yeshanim,תוספות ישנים,Tosefot Yeshanim,,,"Commentary, Talmud, Talmud Bavli / Babylonian Talmud",,,,,,Commentary on Talmud (Early Commentator),,,,,
5,3.4.1,Tosefot Yeshanim,תוספות ישנים,Tosefot Yeshanim,,,"Commentary, Talmud, Talmud Bavli / Babylonian Talmud",,,,,,,,,,,
5,3.4.1,Turei Even,טורי אבן,Turei Even,,,"Commentary, Talmud, Talmud Bavli / Babylonian Talmud",,,,,,Commentary on Talmud (Late Commentator),,,,,
5,3.4.1,Yom Teru'ah,יום תרועה,Yom Teru'ah,,,"Commentary, Talmud, Talmud Bavli / Babylonian Talmud",,,,,,Commentary on Talmud (Late Commentator),,,,,
5,3.4.1,Zera Avraham,זרע אברהם,Zera Avraham,,,"Commentary, Talmud, Talmud Bavli / Babylonian Talmud",,,,,,Commentary on Talmud (Late Commentator),,,,,
5,3.4.1,Zera Yitzchak,זרע יצחק,Zera Yitschak,,,"Commentary, Talmud, Talmud Bavli / Babylonian Talmud",,,,,,Commentary on Talmud (Late Commentator),,,,,
1,3.4.2,Mareh Panim,מראה פנים,Mareh Panim,,Marei Panim,"Commentary, Talmud, Jerusalem Talmud","Massekhet, daf, dibbur hamatchil",,,,,Commentary on Yerushalmi,,Rabbi Moses Margolies,Rabbi Moses Margolies (d. 1780) was a Lithuanian rabbi who wrote an important commentary to help others study the Jerusalem Talmud.,,
1,3.4.2,Penei Moshe,פני משה,Penei Moshe,,Pnei Moshe,"Commentary, Talmud, Jerusalem Talmud","Massekhet, daf, dibbur hamatchil",,,,,Commentary on Yerushalmi,,Rabbi Moses Margolies,Rabbi Moses Margolies (d. 1780) was a Lithuanian rabbi who wrote an important commentary to help others study the Jerusalem Talmud.,Penei Moshe is a commentary on the Jerusalem Talmud which allows readers to better understand the often difficult text.,
2,3.4.2,Shayarei Korban,שיירי קרבן,Shayarei Korban,,,"Commentary, Talmud, Jerusalem Talmud","Massekhet, daf, dibbur hamatchil",,,,,Commentary on Yerushalmi,,Rabbi David Frankel,,,
2,3.4.2,Korban HaEdah,קרבן העדה,Korban HaEdah,,"Korban HaEidah, Korban HaEydah","Commentary, Talmud, Jerusalem Talmud","Massekhet, daf, dibbur hamatchil",,"covers nashim, moed, and nezikin",,,Commentary on Yerushalmi,,Rabbi David Frankel,Rabbi David Frankel (d. 1762) was a German rabbi who placed great emphasis on the study of the Jerusalem Talmud.,"Korban HaEdah is a commentary on section of the Jerusalem Talmud, designed to help readers understand the often difficult language of the text.",
2,3.4.2,Ridbaz,"רידב""ז",Ridbaz,,"Chiddushei Ridbaz, Ridba""z","Commentary, Talmud, Jerusalem Talmud",,,,,,Commentary on Yerushalmi,,Rabbi Jacob David Wilovsky,"Rabbi Jacob David Wilovsky (d.1913) was a Russian teacher, scholar, and Talmudist who devoted extensive study to the Jerusalem Talmud. ",,
2,3.4.2,Tosofot Ri”d,"תוספות רי""ד",Tosafot Rid,,"Tosfot Rid, Tosafot Ri""d","Commentary, Talmud, Jerusalem Talmud",,,,,,Commentary on Yerushalmi,,,,,
3,3.4.2,Beur HaGra,,Beur HaGra,,,"Commentary, Talmud, Jerusalem Talmud",,,,Zeraim Only,,Commentary on Yerushalmi,,,,,
3,3.4.2,Eleazar Azkari ,,,,,"Commentary, Talmud, Jerusalem Talmud",,,,Brachot and Beitza,,Commentary on Yerushalmi,,,,,
4,3.4.2,Commentary of Elijah of Fulda,פירוש של אליהו בן יהודא ליב פולדא ,Perush shel Eliyahu ben Yehuda Leib m'Fulda,,,"Commentary, Talmud, Jerusalem Talmud",,,,,,Commentary on Yerushalmi,,Rabbi Eliyahu Ben Yehuda Leib of Fulda,,"Actually two works, but usually printed together",
4,3.4.2,Yerushalmi Hemeforash,,,,,"Commentary, Talmud, Jerusalem Talmud",,,,,,Commentary on Yerushalmi,"Worth investigating, even if it isn't PD",Rav Shlomo Goren,,,
4,3.4.2,Kenievsky on the Yerushalmi,,,,,"Commentary, Talmud, Jerusalem Talmud",,,,,,Commentary on Yerushalmi,"Not PD, but on hebrewbooks so worth investigating",Chaim Kanievsky,,,