parent,tag,count,category
,Art,69,Art
,Judaism and Art,35,Art
,Leonard Cohen,15,Art
,Music,108,Art
,Song,73,Art
Song,Songs,24,Art
Hair (Musical),"המחזה ""שיער""",15,Art
,Akiva,36,Authors
,Alan Lew,18,Authors
,Alicia Jo Rabins,15,Authors
,Baal Shem Tov,13,Authors
,Buber,13,Authors
,Dr. Joshua Kulp,19,Authors
,Emmanuel Levinas,10,Authors
,Famous Rashi,25,Authors
,Heschel,51,Authors
,Hillel and Shammai,114,Authors
Hillel and Shammai,Hillel Shammai,19,Authors
Hillel and Shammai,Hillel vs Shammai,19,Authors
,Luria,10,Authors
,Maharal,13,Authors
,Maimonides,281,Authors
,Mindfulness,29,Authors
,Nachman,29,Authors
,R. Aharon Lichtenstein,17,Authors
,Rabban Gamliel,30,Authors
,Rabbi,11,Authors
,Rabbi Akiva,79,Authors
,Rabbi Daniel Goldfarb,14,Authors
,Rabbi Gail Diamond,14,Authors
,Rabbi Jonathan Sacks,18,Authors
,Rabbi Mordechai Silverstein,17,Authors
,Rabbi Shlomo Zacharow,13,Authors
Rabbi,Rabbis,20,Authors
,Rambam,328,Authors
,Ramban,11,Authors
,Rashi,94,Authors
,Rava,20,Authors
,Rebbe Nachman,11,Authors
,Shammai,120,Authors
,Shimon Bar Yochai,18,Authors
,Soloveitchik,11,Authors
,Vered Hollander-Goldfarb,25,Authors
Emmanuel Levinas,עמנואל לוינס פילוסוף,16,Authors
Rava,רבא,20,Authors
Rabbi Akiva,רבי עקיבא,12,Authors
,Aaron,97,Tanakh
,Abel,12,Tanakh
,Abraham,628,Tanakh
,Adam,181,Tanakh
,Akedah,11,Tanakh
Akedah,Akeidah,108,Tanakh
,Amalek,83,Tanakh
,Avraham,73,Tanakh
,Balaam,15,Tanakh
,Balak,32,Tanakh
,Bamidbar Wilderness Therapy,18,Tanakh
,Bavel,11,Tanakh
,Benjamin,12,Tanakh
,Betzalel,10,Tanakh
,Bible,33,Tanakh
,Biblical Criticism,12,Tanakh
Balaam,Bilam,11,Tanakh
Akedah,Binding of Isaac,11,Tanakh
,Boaz,20,Tanakh
,Book of Esther,15,Tanakh
,Book of Ruth,14,Tanakh
,Cain,53,Tanakh
,Chana,10,Tanakh
,Creation,475,Tanakh
,Daniel,10,Tanakh
,David,127,Tanakh
,Dina,26,Tanakh
,Eden,42,Tanakh
,Eicha,16,Tanakh
,Elijah,14,Tanakh
,Eliyahu,41,Tanakh
,Esau,98,Tanakh
Esau,Esav,11,Tanakh
,Esther,299,Tanakh
,Esther Purim,13,Tanakh
,Eve,55,Tanakh
,Ezekiel,37,Tanakh
,Ezra,21,Tanakh
,Gan Eden,15,Tanakh
Gan Eden,Garden of Eden,13,Tanakh
,Gemorrah,10,Tanakh
,Golden Calf,53,Tanakh
,Goliath,10,Tanakh
,Hagar,23,Tanakh
,Haman,76,Tanakh
,Hannah,37,Tanakh
,Hineini,15,Tanakh
,Isaac,166,Tanakh
,Isaiah,67,Tanakh
,Ishmael,17,Tanakh
,Jacob,363,Tanakh
,Jeremiah,37,Tanakh
,Job,33,Tanakh
,Jonah,106,Tanakh
,Joseph,204,Tanakh
,Joshua,50,Tanakh
,Judah,25,Tanakh
,Judges,106,Tanakh
,Judith,10,Tanakh
,Kabbalat Hatorah,17,Tanakh
,King David,18,Tanakh
,King Saul,10,Tanakh
,Kings,115,Tanakh
,Kohelet,13,Tanakh
,Ladder,16,Tanakh
,Leah,30,Tanakh
,Leprosy,42,Tanakh
,Lot,37,Tanakh
,Manna,17,Tanakh
,Matan Torah,32,Tanakh
,Megillat Ruth,15,Tanakh
,Mei Merivah,14,Tanakh
,Meraglim,10,Tanakh
,Meribah,14,Tanakh
,Miriam,129,Tanakh
,Moab,12,Tanakh
,Mordechai,69,Tanakh
,Moses,494,Tanakh
Moses,Moshe,90,Tanakh
,Moshe and Aharon's Real Sin,14,Tanakh
Naaseh Ve'nishma,Na'aseh V'nishmah,12,Tanakh
,Naaseh Ve'nishma,22,Tanakh
,Nadav and Avihu,42,Tanakh
,Navi,10,Tanakh
,Nehemiah,10,Tanakh
Noah,Noach,49,Tanakh
,Noah,151,Tanakh
,Numbers,20,Tanakh
,Pharaoh,80,Tanakh
,Pinchas,35,Tanakh
,Plague,16,Tanakh
,Plagues,17,Tanakh
,Prophetess,10,Tanakh
,Proverbs,25,Tanakh
,Psalms,110,Tanakh
,Rachel,43,Tanakh
,Rebecca,61,Tanakh
,Rock,10,Tanakh
Ruth,Rut,20,Tanakh
,Ruth,194,Tanakh
,Samson,11,Tanakh
,Samuel,18,Tanakh
,Sarah,102,Tanakh
,Scouts Spies Bamidbar Wilderness Faith Trust Punishment Forty Years,15,Tanakh
Serach Bat Asher,Serach,10,Tanakh
,Serach Bat Asher,12,Tanakh
,Sheol,11,Tanakh
,Shir Hashirim,17,Tanakh
,Shmuel,114,Tanakh
,Sodom,27,Tanakh
,Solomon,25,Tanakh
,Spies,38,Tanakh
,Tehillim,17,Tanakh
,Ten Plagues,51,Tanakh
,The Song of the Sea,10,Tanakh
,Tochecha,10,Tanakh
,Tower of Babel,19,Tanakh
,Tree of Life,11,Tanakh
,Vashti,21,Tanakh
,Wells,10,Tanakh
,Women in Tanach,188,Tanakh
Jacob,Yaakov,51,Tanakh
Jeremiah,Yirmiyahu,12,Tanakh
,Yitro,67,Tanakh
Isaac,Yitzchak,11,Tanakh
Joseph,Yosef,28,Tanakh
,Zechariah,14,Tanakh
Esther,אסתר,21,Tanakh
Haman,המן,17,Tanakh
Jeremiah,ירמיהו,14,Tanakh
Jethro,יתרו,17,Tanakh
Mordechai,מרדכי,18,Tanakh
Matan Torah,מתן תורה,18,Tanakh
Scholarly Questions on the Parsha,שאלות בפרשה בלמדות,22,Tanakh
,Adar,13,Calendar
,Calendar,43,Calendar
,Elul,155,Calendar
,Nisan,31,Calendar
,Tishrei,64,Calendar
,Assignment,128,Education
,Basic Talmud,13,Education
,Bekiut,10,Education
,Bnei Akiva,31,Education
,Chabura,17,Education
,Chevruta,34,Education
,Class Activity,20,Education
,Conservative Yeshiva,221,Education
,Demo,16,Education
,Education,487,Education
,Elementary,10,Education
,ELI,113,Education
,Exam,11,Education
,Example,24,Education
,Family Education,22,Education
,Final Project,21,Education
,Group Project,15,Education
,Heilicher,51,Education
,High School,36,Education
,Hillel,259,Education
,Homework,144,Education
,Introduction to Talmud,14,Education
,Jew Curious,65,Education
,Jewish Education,21,Education
,Jewish Identity,113,Education
,Kolech 2015,15,Education
,Learning,132,Education
,Learning Torah,51,Education
,Lippman Kanfer Foundation for Living Torah,30,Education
,Middle School,60,Education
,Moishe House,10,Education
,Natan Salon,11,Education
,National Library of Israel,10,Education
,NCSY JOLT,35,Education
,OJSC,94,Education
,Pedagogy,20,Education
,Sefaria,11,Education
,Steinsaltz,11,Education
,Student,69,Education
,Student Work,38,Education
,Students,26,Education
,Study,36,Education
,Talmud Torah,22,Education
,TalmudLive,20,Education
,Teachers,94,Education
,Teaching,123,Education
,Teaching Torah,22,Education
,Text & Context,11,Education
,Torah Study,274,Education
,Torat Chovevei,21,Education
,Training Course,119,Education
,Training Course for Educators,45,Education
,Tutorial,18,Education
,Yachad,11,Education
,YCT,21,Education
,Ghosts,15,Folklore
,Golem,13,Folklore
,Magic,31,Folklore
,Sorcery,20,Folklore
,Superstition,24,Folklore
,Witch,11,Folklore
,Wizardry,12,Folklore
,Bread,22,Food
,Dairy,22,Food
,Drinking,133,Food
,Eating,245,Food
,Farming,26,Food
,Food,373,Food
,Food & Ethics,175,Food
,Fruit,14,Food
,Kashrut,238,Food
,Kitniyot,10,Food
Kashrut,Kosher,35,Food
,Maror,17,Food
,Meat,13,Food
,Milk,12,Food
,Planting,24,Food
,Seudat Purim,18,Food
,Tamar,24,Food
,Vegetarianism,27,Food
,Water,122,Food
,Wine,124,Food
,Babel,31,Geography
,Egypt,190,Geography
,Geula,38,Geography
Place,Makom,12,Geography
,Place,19,Geography
,Sinai,272,Geography
,Yavneh,18,Geography
,Health,171,Medicine
,1967,14,History
,American Judaism,88,History
,Beit Hamikdash,139,History
,Destruction,21,History
,Exile,22,History
,History,48,History
,Holocaust,36,History
,Jewish History,45,History
,Kamtza,10,History
,Maccabees,23,History
,Martin Luther King,15,History
,Temple,42,History
,Yannai,15,History
,Yavnehsages,22,History
,Ad d'Lo Yada,17,Holidays
Chanukah,Chanuka,18,Holidays
,Chanukah,489,Holidays
Chanukah,Chanukkah,27,Holidays
,Drinking on Purim,20,Holidays
,Etrog,18,Holidays
,Fast Day,12,Holidays
,Four Questions,16,Holidays
,Halloween,13,Holidays
Chanukah,Hannukah,20,Holidays
Chanukah,Hanukah,16,Holidays
Chanukah,Hanukkah,156,Holidays
,High Holidays,432,Holidays
High Holidays,High Holy Days,12,Holidays
,Holidays,503,Holidays
,Lag B'Omer,22,Holidays
,Matanot Levyonim,18,Holidays
,Mikrah Megillah,17,Holidays
,Mishloach Manot,25,Holidays
,New Year,95,Holidays
,Passover,875,Holidays
Passover,Pesach,642,Holidays
Passover,Pesah,14,Holidays
,Purim,478,Holidays
,Rabbinic Holiday,26,Holidays
,Rosh Chodesh,64,Holidays
Rosh Hashanah,Rosh Hashana,31,Holidays
,Rosh Hashanah,561,Holidays
Rosh Hashanah,Rosh HaShanah,18,Holidays
Rosh Chodesh,Rosh Hodesh,11,Holidays
,Seder,322,Holidays
,Sefirat Haomer,11,Holidays
,Shabbat,525,Holidays
Shabbat,Shabbos,19,Holidays
,Shalosh Regalim,10,Holidays
Shavuot,Shavous,16,Holidays
Shavuot,Shavuos,50,Holidays
,Shavuot,528,Holidays
,Shemini Atzeret,41,Holidays
,Simchat Torah,42,Holidays
,Slichot,11,Holidays
,Spreading the Light 2015,127,Holidays
,Sukkot,520,Holidays
,Tammuz,11,Holidays
,Tenth of Tevet,10,Holidays
Tisha B'Av,Tisha B'av,125,Holidays
,Tisha B'Av,20,Holidays
Tu B'Av,Tu B'av,17,Holidays
Tu BiShvat,Tu B'Shvat,80,Holidays
Tu BiShvat,Tu B'shvat,28,Holidays
Tu BiShvat,Tu Bishvat,26,Holidays
,Tzom Gedaliah,11,Holidays
High Holidays,Yamim Noraim,31,Holidays
,Yom Haatzmaut,10,Holidays
,Yom Kippur,493,Holidays
,Yom Tov,225,Holidays
,Yom Yerushalayim,23,Holidays
Chanukah,חנוכה,30,Holidays
Tu BiShvat,"ט""ו בשבט",12,Holidays
Ad d'Lo Yada,עד דלא ידע,20,Holidays
Purim,פורים,28,Holidays
Passover,פסח,23,Holidays
Shavuot,שבועות,23,Holidays
,The Four Sons,82,Holidays
,Aliyah,12,Israel
,Am Yisrael,18,Israel
Israel,Eretz Yisrael,158,Israel
,Israel,321,Israel
,Jerusalem,129,Israel
,Relating to the Land,47,Israel
,Zion,13,Israel
,Zionism,138,Israel
Israel,ארץ ישראל,12,Israel
,German,13,Language
,Hebrew,12,Language
,Language,173,Language
,Speech,225,Language
,Writing,11,Language
Ten Commandments,10 Commandments,15,Law
,Agunah,10,Law
,Bal Tashchit,59,Law
,Bikkur Cholim,12,Law
,Brit,32,Law
,Capital Punishment,13,Law
,Circumcision,15,Law
,Commandments,712,Law
,Contemporary Issues in Halakha,12,Law
,Courts,10,Law
,Covenant,148,Law
,d'Rabanan,10,Law
,Damages,39,Law
,Death Penalty,39,Law
,Eye for an Eye,22,Law
,Fast,14,Law
,Fasting,118,Law
Geniza,Genizah,10,Law
,Gerut,12,Law
,Hachnasat Orchim,10,Law
,HaChovel,105,Law
Halakhah,Halacha,132,Law
Chesed,Hesed,10,Law
,Jewish Law,21,Law
,Judgement,130,Law
Judgement,Judgment,13,Law
,Ketubah,11,Law
,Kol Isha,12,Law
,Lashon Hara,29,Law
,Law,1043,Law
,Law & Business Ethics,249,Law
,Laws,15,Law
,Legal Text,689,Law
,Lost Property,21,Law
,Masturbation,10,Law
,Minhag,54,Law
,Minyan,11,Law
,Niddah,33,Law
,Oral Torah,14,Law
,Parapet,26,Law
,Partnership With God,11,Law
,Personal Injury Law,20,Law
,Pikuach Nefesh,10,Law
Repentance,Repentence,10,Law
,Rest,14,Law
,Sanhedrin,21,Law
,Shemitah,84,Law
,Ten Commandments,172,Law
,United States Law,33,Law
,Vows,34,Law
,Zman,11,Law
Geniza,Cairo Geniza,18,Literature
,Debate,103,Literature
,Discussion,54,Literature
,Famous Quotes,13,Literature
,Machloket,85,Literature
,Narrative,23,Literature
,Narrative Text,408,Literature
,Prayer and Poetry,77,Literature
,Prophecy and Wisdom Literature,190,Literature
,Translation,21,Literature
,Body,144,Medicine
,Healing,55,Medicine
,Medical Ethics,60,Medicine
,Medicine,32,Medicine
,Mental Health,17,Medicine
,Midwives,16,Medicine
,Pain,10,Medicine
,Wellness,52,Medicine
,Organ Donation,12,Medicine
,Puberty,11,Medicine
,Sleep,14,Medicine
,Acher,15,Philosophy
,Appreciation,13,Philosophy
,Argument,19,Philosophy
,Arrogance,10,Philosophy
,Breslov,12,Philosophy
,Business Ethics,10,Philosophy
,Charity,56,Philosophy
,Choice,90,Philosophy
,Chosenness,97,Philosophy
,Coercion,20,Philosophy
,Comfort,13,Philosophy
,Compassion,40,Philosophy
,Consent,30,Philosophy
,Courage,14,Philosophy
,Creativity,23,Philosophy
,Curiosity,12,Philosophy
,Desire,11,Philosophy
,Determinism,11,Philosophy
,Dignity,20,Philosophy
,Doubt,15,Philosophy
,Dream,21,Philosophy
,Dreams,33,Philosophy
,Elisha Ben Abuya,12,Philosophy
,Emet,15,Philosophy
,Empathy,11,Philosophy
,Ethical Consumption,218,Philosophy
,Ethics,378,Philosophy
,Evil,19,Philosophy
,Fear,35,Philosophy
,Forgiveness,50,Philosophy
,Free Will,130,Philosophy
,Gemillut Chassadim,12,Philosophy
,Good,12,Philosophy
,Gratitude,116,Philosophy
,Grief,10,Philosophy
,Growth,10,Philosophy
,Happiness,95,Philosophy
,Hardening of the Heart,14,Philosophy
,Heaven,10,Philosophy
,Hell,11,Philosophy
,Hitbodedut,21,Philosophy
,Honesty,10,Philosophy
,Honor,31,Philosophy
,Hope,31,Philosophy
,Humanity,21,Philosophy
,Impermanence,16,Philosophy
,Inspiration,10,Philosophy
,Intention,51,Philosophy
,Jewish Renewal,11,Philosophy
,Jewish Sensibilities,30,Philosophy
,Jewish Thought,48,Philosophy
,Jewish Wisdom,31,Philosophy
,Kindness,169,Philosophy
,Knowing,13,Philosophy
,Knowledge,10,Philosophy
,Life,36,Philosophy
,Listening,48,Philosophy
,Loss,21,Philosophy
,Love,254,Philosophy
,Maaseh Avot Siman Lebanim,12,Philosophy
,Machshava,10,Philosophy
,Meaning,16,Philosophy
,Meditation,15,Philosophy
,Memory,83,Philosophy
,Mercy,21,Philosophy
,Middot,282,Philosophy
,Mitzvot,781,Philosophy
,Modern Thought,10,Philosophy
,Modesty,20,Philosophy
,Monotheism,17,Philosophy
,Morality,35,Philosophy
,Mussar,43,Philosophy
,Nazir,31,Philosophy
,Obligation,359,Philosophy
Olam Haba,Olam HaBa,12,Philosophy
,Particularism,42,Philosophy
,Perspective,12,Philosophy
,Philosophy,531,Philosophy
,Pleasure,16,Philosophy
,Presence,14,Philosophy
,Protection,14,Philosophy
,Psychology,43,Philosophy
,Purpose,30,Philosophy
,Questions,15,Philosophy
,Remember,19,Philosophy
,Renewal,11,Philosophy
,Respect,61,Philosophy
,Responsibility,167,Philosophy
,Sanctuary,10,Philosophy
,Seeing,14,Philosophy
Sephirot,Sefirot,10,Philosophy
,Sensibilities,30,Philosophy
,Service/Volunteerism,333,Philosophy
,Shalom Bayit,12,Philosophy
,Shame,18,Philosophy
,Thanks,26,Philosophy
,Thanksgiving,108,Philosophy
Elisha Ben Abuya,The Other,11,Philosophy
,Tikkun,27,Philosophy
Tikkun Olam,Tikkun Haolam,23,Philosophy
,Tikkun Olam,710,Philosophy
,Tragedy,12,Philosophy
,Trust,15,Philosophy
,Truth,134,Philosophy
Tzedakah,Tzedaka,29,Philosophy
,Tzedakah,780,Philosophy
,Tzedek,33,Philosophy
,Universalism,44,Philosophy
,Values,36,Philosophy
,Waiting,11,Philosophy
,Welcoming the Stranger,11,Philosophy
,Wisdom,92,Philosophy
,Wonder,12,Philosophy
,Yetzer Hatov,44,Philosophy
Chosenness,בחירה,14,Philosophy
Hitbodedut,התבודדות,10,Philosophy
Nazir,פרשת נזיר,16,Philosophy
,Anger,24,Philosophy
,Beauty,10,Philosophy
,Humility,85,Philosophy
,Humor,11,Philosophy
,Hypocrisy,22,Philosophy
,Joy,126,Philosophy
,Al Hanisim,26,Prayer
,Aleinu,15,Prayer
,Amidah,94,Prayer
Amidah,ָAmidah,10,Prayer
Blessings,Berachot,59,Prayer
Blessings,Berakhot,40,Prayer
Birkat HaMazon,Birkat Hamazon,13,Prayer
,Birkot Hashachar,10,Prayer
,Blessing,26,Prayer
,Blessings,292,Prayer
,Hashkiveinu,15,Prayer
,Havdalah,31,Prayer
,Kabbalat Shabbat,17,Prayer
,Kaddish,20,Prayer
Kavanah,Kavana,10,Prayer
,Kavanah,48,Prayer
Kavanah,Kavannah,10,Prayer
Kedushah,Kedusha,14,Prayer
,Kedushah,20,Prayer
,Kevah,20,Prayer
,Kiddush,25,Prayer
,Kriyat Shema,11,Prayer
,Lecha Dodi,15,Prayer
Ma Tovu,Mah Tovu,13,Prayer
,Motzi,15,Prayer
,Mourner's Kaddish,16,Prayer
,Niggun,11,Prayer
,Piyyut,10,Prayer
,Prayer,805,Prayer
,Selichot,15,Prayer
Shema,Sh'ma,12,Prayer
,Shema,161,Prayer
,Sheva Brachot,13,Prayer
,Shmoneh Esreh,13,Prayer
,T'filah,15,Prayer
,Tashlich,36,Prayer
Tefilla,Tefilah,16,Prayer
Tefilla,Tefillah,20,Prayer
,Vidui,13,Prayer
Kavanah,כוונה,11,Prayer
Lecha Dodi,לכה דודי,10,Prayer
Kabbalat Shabbat,קבלת שבת,10,Prayer
Shmoneh Esreh,שמונה עשרה,11,Prayer
Prayer,תפילה,18,Prayer
Kabbalat Mitzvot,Acceptance of Mitzvot,15,Religion
,Afterlife,77,Religion
,Angel,15,Religion
,Angels,124,Religion
,Atonement,12,Religion
,Attributes,10,Religion
,Avodat Hashem,13,Religion
,B'tzelem Elohim,35,Religion
,Bar Mitzvah,39,Religion
,Bat Kol,38,Religion
,Bat Mitzvah,26,Religion
,Belief,14,Religion
,Bikkurim,17,Religion
,Birkat HaMazon,53,Religion
,Blood,13,Religion
,Book of Life,24,Religion
Blessings,Brachot,23,Religion
,Cardinal Sins,18,Religion
,Chabad,14,Religion
,Chachamim,67,Religion
,Chanukkah Miracle,14,Religion
,Christianity,22,Religion
,Conservative,21,Religion
,Conservative Judaism,16,Religion
,Counting,65,Religion
,Curses,15,Religion
,Darkness,69,Religion
,Demons,29,Religion
Image of God,Divine Image,15,Religion
,End of Days,22,Religion
,Eschatology,23,Religion
,Faith,73,Religion
Gehinnom,Gehenna,15,Religion
,Gilgul,15,Religion
,God,726,Religion
,God's Image,10,Religion
God,Hashem,10,Religion
,Heretics,13,Religion
,Hiddur Mitzvah,14,Religion
,Holiness,85,Religion
,Holiness Codes,19,Religion
,Idolatry,103,Religion
,Image,50,Religion
,Image of God,33,Religion
,Introduction to Judaism,27,Religion
,Jewish Mysticism,15,Religion
,Judaism,33,Religion
Kabbalat Hatorah,Kabbalat HaTorah,10,Religion
,Kabbalat Mitzvot,14,Religion
,Knowing God,168,Religion
,Korban Pesach,19,Religion
,Korbanot,181,Religion
,Lilith,14,Religion
Messiah,Mashiach,52,Religion
,Messiah,52,Religion
,Miracle,17,Religion
,Miracles,70,Religion
Mitzvot,Mitzvah,20,Religion
,Mourning,96,Religion
,Mysticism,92,Religion
,Neshama,14,Religion
,Olam Haba,94,Religion
,Priesthood,88,Religion
,Priests,16,Religion
,Prophecy,105,Religion
,Purity,64,Religion
,Rabbinic Judaism,16,Religion
,Rebbe,17,Religion
,Redemption,142,Religion
,Reform Judaism,67,Religion
,Reincarnation,27,Religion
,Religion,14,Religion
,Repentance,381,Religion
,Resurrection,29,Religion
,Revelation,340,Religion
,Reward,26,Religion
,Righteous,15,Religion
,Righteousness,15,Religion
,Ritual,83,Religion
,Sacrifice,51,Religion
,Sacrifices,194,Religion
,Satan,13,Religion
,Sephirot,15,Religion
,Shekhinah,17,Religion
,Shmirat Ha-Guf,33,Religion
,Sin,271,Religion
,Soul,59,Religion
,Spiritual Journey,14,Religion
,Spirituality,33,Religion
,Synagogue,18,Religion
,Teshuva,100,Religion
Teshuva,Teshuvah,78,Religion
,Theodicy,34,Religion
,Theology,448,Religion
,Tisch,15,Religion
,Torah,970,Religion
Teshuva,Tshuva,486,Religion
Image of God,Tzelem Elohim,167,Religion
,Tzimtzum,12,Religion
Olam Haba,World to Come,20,Religion
,Yahrzeit,14,Religion
,Zachor,14,Religion
Avodah Zara,עבודה זרה,21,Religion
Kabbalat Mitzvot,קבלת מצות,15,Religion
,Alcohol,47,Ritual Objects
,Candles,66,Ritual Objects
,Challah,29,Ritual Objects
,Chametz,50,Ritual Objects
Menorah,Chanukiya,13,Ritual Objects
,Construction,13,Ritual Objects
,Costumes,12,Ritual Objects
,Fire,35,Ritual Objects
,Four Cups,26,Ritual Objects
Geniza,Geniza,19,Ritual Objects
,Horn,35,Ritual Objects
,Kippah,12,Ritual Objects
,Light,227,Ritual Objects
,Liquor,10,Ritual Objects
,Lulav,29,Ritual Objects
,Masks,48,Ritual Objects
Matzah,Matza,12,Ritual Objects
,Matzah,73,Ritual Objects
,Menorah,44,Ritual Objects
,Mezuzah,14,Ritual Objects
,Mikvah,45,Ritual Objects
Mikvah,Mikveh,11,Ritual Objects
,Mishkan,141,Ritual Objects
,Oil,22,Ritual Objects
,Omer,93,Ritual Objects
Parah Adumah,Parah,10,Ritual Objects
,Parah Adumah,24,Ritual Objects
,Ram,35,Ritual Objects
,Ram's Horn,35,Ritual Objects
Parah Adumah,Red Heifer,16,Ritual Objects
,Shamash,11,Ritual Objects
,Shofar,201,Ritual Objects
,Sukkah,66,Ritual Objects
,Tabernacle,18,Ritual Objects
,Tablets,14,Ritual Objects
Prayer,Tefilla,484,Prayer
,Tefillin,41,Ritual Objects
,The Tablets,14,Ritual Objects
,Tzitzit,26,Ritual Objects
,Agriculture,63,Science
,Animal Rights,26,Science
,Animals,140,Science
,Archaeology,12,Science
,Climate Change,13,Science
,Dark,30,Science
,Desert,18,Science
,Earth,86,Science
,Eco,26,Science
,Ecology,124,Science
,Energy,11,Science
,Environment,515,Science
,Fertility,16,Science
,Gardening,22,Science
,Land,251,Science
,Midbar,14,Science
,Moon,25,Science
,Nature,157,Science
,Night,11,Science
Plants & Trees,Plants,15,Science
,Plants & Trees,38,Science
,Procreation,11,Science
,Rain,59,Science
,Science,30,Science
,Sustainability,29,Science
,Technology,10,Science
,Time,40,Science
Plants & Trees,Tree,15,Science
Plants & Trees,Trees,168,Science
,Wilderness,17,Science
#MeToo,#Metoo,15,Society
,#MeToo,10,Society
,Abortion,69,Society
,Action,31,Society
,Activism,21,Society
,Adolescence,10,Society
,Adulthood,11,Society
,Advocacy,299,Society
,Affluence,24,Society
,Assimilation,18,Society
,Asylum,12,Society
,Authority,87,Society
,Birth,17,Society
,Bullying,13,Society
,Burial,15,Society
,Business,13,Society
,Captives,26,Society
,Census,17,Society
,Change,33,Society
,Chesed,116,Society
Chesed,Chessed,14,Society
,Child Raising,14,Society
,Children,214,Society
,Cities of Refuge,14,Society
,Civil Discourse,46,Society
,Civil Rights,17,Society
,Civil/Human Rights,455,Society
,Clothing,62,Society
,College,12,Society
,Communal Responsibility,14,Society
,Community,573,Society
,Conflict & Emergency,247,Society
,Consumerism & Wealth,25,Society
,Conversion,106,Society
,Converts,21,Society
,Crowdsourcing,16,Society
,Dance,10,Society
,Dating,13,Society
,Death,222,Society
,Deceit,13,Society
,Deception,16,Society
,Democracy,31,Society
,Diaspora,18,Society
,Disability,51,Society
,Disagreement,58,Society
,Disaster Response,11,Society
,Discrimination & Diversity,281,Society
,Diversity,16,Society
,Divorce,26,Society
,Drugs,15,Society
,Economic Justice,148,Society
,Election,26,Society
,Elections,22,Society
,Environmental Justice,39,Society
,Environmentalism,79,Society
,Equality,22,Society
,Family,52,Society
,Feminism,77,Society
,Freedom,81,Society
,Friendship,49,Society
,Gay,18,Society
,Gender,144,Society
,Gender Fluid,53,Society
,Gender in Judaism,27,Society
,Gender in Kabbalah,40,Society
,Generosity,12,Society
,Gentile,31,Society
Gentile,Gentiles,16,Society
,Ger,37,Society
,Gifts,22,Society
,Giving,47,Society
,Global Day,24,Society
,Good Deeds,12,Society
,Gossip,37,Society
,Governance & Leadership,230,Society
,Government,39,Society
,Guests,68,Society
,Gun Control,30,Society
,Gun Safety,12,Society
,Gun Violence,14,Society
,Guns,51,Society
,Hate,13,Society
,Hero,10,Society
,Holy People,10,Society
,Home,11,Society
,Homelessness,19,Society
,Homosexuality,62,Society
,Honoring Parents,38,Society
,Hospitality,62,Society
,Housing,23,Society
,Human Dignity,20,Society
,Human Rights,26,Society
,Humans,14,Society
,Hunger,250,Society
,Husbands,11,Society
,Identity,30,Society
,Immigrants,24,Society
,Immigration,93,Society
,Inclusion,61,Society
,Independence,13,Society
,Individual,71,Society
,Influence,12,Society
,Inheritance,31,Society
,Innovation,11,Society
,Interfaith,14,Society
,Intermarriage,21,Society
,Jewish,10,Society
,Jewish LGBT,28,Society
,Jewish People,10,Society
,Jewish Values,13,Society
,Justice,528,Society
,Kavod,39,Society
,King,19,Society
,Kingship,19,Society
,Labor,22,Society
,Labor Rights,168,Society
,Leadership,501,Society
,Lesbian,24,Society
,LGBT,81,Society
,LGBTQ,46,Society
,LGBTQA,15,Society
,Liberation,13,Society
,Lies,25,Society
,Loneliness,11,Society
,Lying,69,Society
,Management,10,Society
,Marijuana,15,Society
,Marriage,105,Society
,Masculinity,10,Society
,Matan,11,Society
,Media,30,Society
,Men,10,Society
,Mensch,12,Society
,Mesorah,13,Society
,Migrants,13,Society
,Migration,69,Society
,Modernity,14,Society
,Money,78,Society
,Mourner,10,Society
,Murder,15,Society
,Names,59,Society
,Nation,19,Society
,Neighbor,12,Society
,Neighbors,15,Society
,Non-Jews,30,Society
,Oppression,36,Society
,Ownership,14,Society
,Parenting,33,Society
,Parents,130,Society
,Peace,131,Society
,Peah,27,Society
,People,120,Society
,Peoplehood,22,Society
,Personal Responsibility,13,Society
,Pittsburgh,19,Society
,Pluralism,33,Society
,Political,10,Society
,Political Theory,15,Society
,Political Thought,47,Society
,Politics,23,Society
,Poor,19,Society
,Poverty,500,Society
,Power,57,Society
,Property,16,Society
,Protest,24,Society
,Public Protest,11,Society
,Punishment,92,Society
,Queer,43,Society
,Rabbinic Authority,103,Society
,Race,25,Society
,Racism,25,Society
,Rape,39,Society
,Rebuke,27,Society
,Refuge,18,Society
Refugees,Refugee,21,Society
,Refugees,85,Society
,Relationships,46,Society
,Revenge,10,Society
,Rivals,15,Society
,Sanctity of Human Life,19,Society
,Second Amendment,25,Society
,Sephardi,10,Society
,Service,15,Society
,Sex,73,Society
,Sexual Orientation & Gender Identity,182,Society
,Sexuality,169,Society
,Siblings,15,Society
,Simcha,24,Society
,Slavery,108,Society
,Slaves,10,Society
,Social Action,36,Society
,Social Justice,218,Society
,Social Media,25,Society
,Society,52,Society
,Sotah,15,Society
Strangers,Stranger,46,Society
,Strangers,112,Society
,Stress,10,Society
,Suffering,62,Society
,Sustainable Development,138,Society
,Tattoos,16,Society
,Teens,63,Society
,Thank You,12,Society
,"Trade, Aid & Debt",151,Society
,Tradition,13,Society
,Trans Torah,57,Society
,Transgender,83,Society
,Transgender in Judaism,44,Society
,Transgender Theology,11,Society
,Travel,10,Society
,Trump,21,Society
,Tzniut,10,Society
,Unity,33,Society
,Ushpizin,27,Society
,V'ahavta,15,Society
,Violence,91,Society
,Visiting the Sick,12,Society
,Voting,31,Society
,Vulnerability,10,Society
,War,106,Society
,Wealth,21,Society
,Weapons,22,Society
,Wedding,23,Society
Wedding,Weddings,28,Society
,Welcome,12,Society
,Welcoming,14,Society
,Welcoming Guests,64,Society
,White Supremecy,17,Society
,Witnesses,16,Society
,Wives,12,Society
Women,Woman,16,Society
,Women,406,Society
,Women’s Empowerment,166,Society
,Work,13,Society
,Yetzer Hara,119,Society
Love,אהבה,10,Society
Conversion,גיור,18,Society
Converts,גר,14,Society
Women,נשים,10,Society
Zionism,ציונות,10,Israel
Aggadah,Aggada,11,Texts
,Aggadah,28,Texts
,Avot,13,Texts
Bava Metzia,Baba Metzia,11,Texts
Parshat Bamidbar,Bamidbar,36,Texts
,Bava Kamma,18,Texts
Parashat Bereishit,Bereishit,29,Texts
Parashat Bereishit,Bereshit,40,Texts
Chassidut,Chassidus,20,Texts
,Chassidut,224,Texts
,Chumash,19,Texts
,Commentary,500,Texts
Sefer Devarim,Deuteronomy,40,Texts
Parshat Devarim,Devarim,76,Texts
,Ecclesiastes,46,Texts
Sefer Shemot,Exodus,94,Texts
,Gemara,40,Texts
Sefer Bereshit,Genesis,64,Texts
,Genesis 11,10,Texts
,Gittin,39,Texts
,Haftarah,11,Texts
,Haggadah,495,Texts
Halakhah,Halakha,19,Texts
,Halakhah,15,Texts
Chassidut,Hasidus,28,Texts
,Kabbalah,166,Texts
,Lamentations,45,Texts
Sefer Vayikra,Leviticus,45,Texts
,Liturgy,142,Texts
,Makkot,17,Texts
,Megilat Esther,25,Texts
,Megillah,38,Texts
,Metzora,12,Texts
,Midrash,180,Texts
Parshat Miketz,Miketz,12,Texts
,Mishlei,30,Texts
Mishnah,Mishna,80,Texts
,Mishnah,228,Texts
Mishnah,Mishnayos,26,Texts
,Mishneh Torah,18,Texts
,Nezikin,17,Texts
,Pesachim,13,Texts
Pirkei Avot,Pirke Avot,29,Texts
,Pirkei Avot,367,Texts
,Prophets,173,Texts
,Psalm 121,10,Texts
,Rabbinics,24,Texts
,Sefer Bereishit,66,Texts
Sefer Shemot,Shemot,49,Texts
,Siddur,78,Texts
,Song of Songs,63,Texts
Sotah,Sota,12,Texts
Taanit,Ta'anit,62,Texts
,Taanit,44,Texts
,Talmud,173,Texts
,Talmud 4A,124,Texts
,Tanakh,748,Texts
,Tosefta,11,Texts
,Vayikra,38,Texts
,Writings,11,Texts
,Yerushalmi,21,Texts
,Zohar,51,Texts
Zohar,זוהר,12,Texts
,מגילת אסתר,23,Texts
Kabbalah,קבלה,11,Texts
Shulchan Arukh,שולחן ערוך,10,Texts
Talmud,תלמוד,16,Texts
Parashat Behar,Behar,13,Torah Portions
Parashat Beshalach,Beshalach,21,Torah Portions
Parashat Bo,Bo,25,Torah Portions
Parashat Chayei Sarah,Chayei Sarah,20,Torah Portions
Parashat Chukat,Chukat,19,Torah Portions
Parashat Eikev,Eikev,18,Torah Portions
Parashat Eikev,Ekev,11,Torah Portions
Parashat Emor,Emor,17,Torah Portions
Parashat Ha'azinu,Haazinu,13,Torah Portions
Parashat Kedoshim,Kedoshim,44,Torah Portions
Parashat Ki Tavo,Ki Tavo,17,Torah Portions
Parashat Ki Tissa,Ki Tisa,28,Torah Portions
Parashat Korach,Korach,99,Torah Portions
Parashat Lech Lecha,Lech Lecha,38,Torah Portions
Parshat Mishpatim,Mishpatim,39,Torah Portions
Parashat Naso,Naso,14,Torah Portions
Parashat Nitzavim,Nitzavim,33,Torah Portions
Parshat Acheri Mot ,Parashat Acharei Mot,41,Torah Portions
,Parashat Balak,49,Torah Portions
Parshat Bamidbar,Parashat Bamidbar,27,Torah Portions
,Parashat Bechukotai,31,Torah Portions
Parashat Behaalotchah,Parashat Behaalotcha,18,Torah Portions
,Parashat Behaalotchah,10,Torah Portions
,Parashat Behar,27,Torah Portions
,Parashat Bereishit,312,Torah Portions
,Parashat Beshalach,65,Torah Portions
,Parashat Bo,76,Torah Portions
Parashat Chayei Sarah,Parashat Chaye Sarah,17,Torah Portions
,Parashat Chayei Sarah,50,Torah Portions
,Parashat Chukat,40,Torah Portions
,Parashat Devarim,31,Torah Portions
,Parashat Eikev,49,Torah Portions
,Parashat Emor,115,Torah Portions
,Parashat Ha'azinu,21,Torah Portions
,Parashat Kedoshim,113,Torah Portions
,Parashat Ki Tavo,53,Torah Portions
Parashat Ki Teitzei,Parashat Ki Teitze,22,Torah Portions
,Parashat Ki Teitzei,49,Torah Portions
,Parashat Ki Tissa,66,Torah Portions
,Parashat Korach,37,Torah Portions
,Parashat Lech Lecha,176,Torah Portions
Parashat Lech Lecha,Parashat Lekh Lekha,10,Torah Portions
,Parashat Ma'asei,25,Torah Portions
,Parashat Matot,11,Torah Portions
,Parashat Metzora,25,Torah Portions
Parashat Metzora,Parashat Metzorah,17,Torah Portions
,Parashat Miketz,44,Torah Portions
,Parashat Mishpatim,88,Torah Portions
,Parashat Naso,45,Torah Portions
,Parashat Nitzavim,76,Torah Portions
,Parashat Noach,149,Torah Portions
,Parashat Pinchas,44,Torah Portions
,Parashat Re'eh,66,Torah Portions
,Parashat Shelach,38,Torah Portions
,Parashat Shemini,87,Torah Portions
,Parashat Shemot,120,Torah Portions
,Parashat Shoftim,59,Torah Portions
,Parashat Tazria,47,Torah Portions
,Parashat Terumah,51,Torah Portions
,Parashat Tetzaveh,17,Torah Portions
,Parashat Toldot,93,Torah Portions
,Parashat Tzav,47,Torah Portions
,Parashat V'zot Habrachah,12,Torah Portions
Parashat Vaera,Parashat Va'era,49,Torah Portions
,Parashat Va'etchanan,51,Torah Portions
,Parashat Vaera,11,Torah Portions
,Parashat Vayakhel,17,Torah Portions
,Parashat Vayechi,71,Torah Portions
,Parashat Vayeitzey,79,Torah Portions
,Parashat Vayelech,19,Torah Portions
,Parashat Vayera,119,Torah Portions
,Parashat Vayeshev,55,Torah Portions
Parashat Vayeitzey,Parashat Vayetze,16,Torah Portions
,Parashat Vayigash,45,Torah Portions
,Parashat Vayikra,32,Torah Portions
,Parashat Vayishlach,84,Torah Portions
,Parashat Yitro,198,Torah Portions
,Parsha,27,Torah Portions
Parsha Questions,Parsha Questions (Lamdut),23,Torah Portions
Parashat Noach,Parshat Noah,10,Torah Portions
Parashat Pekudei,Pekudei,23,Torah Portions
Parashat Re'eh,Re'eh,24,Torah Portions
Parashat Shemini,Shemini,11,Torah Portions
Parashat Shlach Lecha,Shlach Lecha,11,Torah Portions
Parashat Shemini,Shmini,19,Torah Portions
Parashat Shoftim,Shoftim,27,Torah Portions
Parashat Tazria,Tazria,10,Torah Portions
Parashat Terumah,Terumah,16,Torah Portions
Parashat Tetzaveh,Tetzaveh,12,Torah Portions
Parashat Toldot,Toldot,27,Torah Portions
Parashat Tzav,Tzav,13,Torah Portions
Parashat Vaera,Vaera,23,Torah Portions
Parashat Va'etchanan,Vaetchanan,16,Torah Portions
Parashat Vayakhel,Vayakhel,11,Torah Portions
Parashat Vayechi,Vayechi,28,Torah Portions
Parashat Vayera,Vayera,16,Torah Portions
Parashat Vayeshev,Vayeshev,37,Torah Portions
Parashat Vayetze,Vayetze,13,Torah Portions
Parashat Vayigash,Vayigash,45,Torah Portions
Parashat Vayishlach,Vayishlach,30,Torah Portions
Parashat Yitro,פרשת יתרו,15,Torah Portions