Hebrew Tag,Total En Citations,En Tags,En Tags,En Tags,En Tags,En Tags,En Tags,
מצוות,438,Mitzvot,Commandments,Mitzvos,,,,
חוקים,348,Law,law,,,,,
"תנ""ך",243,Tanakh,Bible,,,,,
תפלה,451,Prayer,Tefilla,T'filah,Liturgy,Ritual,,
תורה,192,Torah,torah,,,,,
פסח,336,Passover,Pesach,Pessach,Chag HaPesach,,,
אלוהים,169,God,,,,,,
אברהם,165,Abraham,Avraham,,,,,
שבת,147,Shabbat,Mishnah Shabbat,Shabbos,,,,
משה,164,Moses,Moshe,,,,,
תשובה,233,Tshuva,Teshuva,Teshuvah,teshuva,teshuvah,Repentance,
מנהיגות,125,Leadership,leadership,,,,,
בריאה,122,Creation,,,,,,
קהילה,113,Community,,,,,,
ראש השנה,110,Rosh Hashanah,Rosh Hashana,rosh hashanah,rosh hashana,Rosh HaShanah,,
יום כיפור,106,Yom Kippur,Yom Kipur,yom kippur,,,,
יעקב,105,Jacob,Yaakov,Yakov,Ya'akov,,,
ברכות,105,Blessings,Berachot,Berakhot,Brachot,Berachos,,
פרשת בראשית,104,Parashat Bereishit,Parashat Genesis,,,,,
שבועות,100,Shavuot,Shavuos,shavuot,,,,
צדק,98,Justice,Tzedek,Righteousness,justice,,,
תאולוגיה,97,Theology,,,,,,
חגים,97,Holidays,,,,,,
התגלות,93,Revelation,revelation,Epiphany,,,,
משנה,92,Mishnah,Mishna,,,,,
ימים נוראים,89,High Holidays,Yamim Noraim,,,,,
סוכות,87,Sukkot,,,,,,
הגדה,86,Haggadah,,,,,,
חובה,85,Obligation,obligation,,,,,
פורים,84,Purim,,,,,,
מזון,83,Food,,,,,,
נשים,82,Women,Wives,,,,,
חטא,80,Sin,,,,,,
חנוכה,79,Chanukah,Hanukkah,Chanuka,Chanukkah,Hanukah,Hannukah,Channukah
פילוסופיה,78,Philosophy,philosophy,,,,,
ארץ,77,Land,,,,,,
צדקה,77,Tzedakah,Tzedaka,Charity,Tsedaka,Tzedekah,Tzedeka,
"רמב""ם",153,Rambam,Maimonides,,,,,
לימוד תורה,74,Torah Study,Learning Torah,Torah Learning,Torah study,Talmud Torah,Teaching Torah,
אכילה,63,Eating,,,,,,
גמילות חסדים,62,Kindness,Chesed,Hesed,Chessed,chesed,,
חסידות,62,Chassidut,Chassidism,Chassidus,Hasidism,Chasidut,,
ישראל,62,Israel,Israelites,israel,,,,
ליל הסדר,60,Seder,Seder Night,,,,,
נביאים,60,Prophets,prophets,Nevi'im,,,,
מוות,59,Death,death,,,,,
סיני,59,Sinai,,,,,,
מלכים,59,Kings,,,,,,
קורבנות,58,Sacrifices,,,,,,
אסתר,57,Esther,Ester,esther,,,,
דוד,57,David,,,,,,
מצרים,55,Egypt,Egyptians,,,,,
קרבנות,54,Korbanot,,,,,,
יוסף,54,Joseph,Yosef,Josef,,,,
פרקי אבות,54,Pirkei Avot,Pirkei Avos,Perkei Avot,,,,
בית המקדש,53,Beit Hamikdash,Temple,Beit HaMikdash,Temple Building,,,
אדם הראשון,51,Adam,,,,,,
דיבור,50,Speech,,,,,,
ידיעת השם,49,Knowing God,,,,,,
פרשת שמות,48,Parashat Shemot,Parsha Shemot,,,,,
שמואל,48,Shmuel,,,,,,
יצחק,47,Isaac,Yitzchak,Issac,,,,
שפה,47,Language,,,,,,
אהבה,47,Love,love,Ahava,,,,
שמיטה,47,Shemitah,Shmittah,Shemita,,,,
"נשים בתנ""ך",46,Women in Tanach,,,,,,
חינוך,46,Education,education,,,,,
משכן,46,Mishkan,Tabernacle,,,,,
שופטים,45,Judges,Shoftim,Shofetim,,,,
כשרות,44,Kashrut,kashrut,,,,,
ילדים,43,Children,,,,,,
פרשת וירא,43,Parashat Vayera,Parashat Vayeira,Parshat Vayera,,,,
תהילים,43,Psalms,Tehillim,,,,,
פסק דין,43,Judgement,Judgment,judgement,,,,
פרשת יתרו,43,Parashat Yitro,Parshat Yitro,,,,,
גוף,42,Body,,,,,,
יום טוב,42,Yom Tov,Yomtov,,,,,
שופר,41,Shofar,,,,,,
רות,41,Ruth,,,,,,
תיקון עולם,40,Tikkun Olam,TIkkun Olam,,,,,
ארץ ישראל,40,Eretz Yisrael,,,,,,
שמע,39,Shema,Shemah,Sh'ma,,,,
צדק חברתי,39,Social Justice,social justice,,,,,
פרשת לך לך,39,Parashat Lech Lecha,Parashat Lekh Lekha,,,,,
צדק כלכלי,39,Economic Justice,Financial Justice,,,,,
בחירה,38,Chosenness,Choice,Election,,,,
ירושלים,37,Jerusalem,Yerushalayim,,,,,
אתיקה,36,Ethics,ethics,,,,,
אחריות,36,Responsibility,Responsibilty,responsibility,,,,
ברית,36,Covenant,,,,,,
הלל,35,Hillel,Goucher Hillel,,,,,
הפצת האור,35,Spreading the Light 2015,,,,,,
עבדות,34,Slavery,,,,,,
הלכה,34,Halacha,Halakhah,Halachah,,,,
מין,34,Gender,Sex,,,,,
תענית,33,Fasting,Taanit,,,,,
נישואים,32,Marriage,,,,,,
אקולוגיה,32,Ecology,,,,,,
מרים,31,Miriam,,,,,,
עשרת הדברות,31,Ten Commandments,TEN COMMANDMENTS,,,,,
קדושה,31,Holiness,Kedushah,Kedusha,kedusha,kedushah,,
אהרון,30,Aaron,,,,,,
פרשת אמור,30,Parashat Emor,Parshat Emor,,,,,
נח,30,Noah,Noach,,,,,
אלול,29,Elul,,,,,,
כהונה,29,Priesthood,,,,,,
עבודת אלילים,29,Idolatry,Idol Worship,,,,,
פרשת קדושים,29,Parashat Kedoshim,,,,,,
קבלה,29,Kabbalah,,,,,,
שרה,29,Sarah,,,,,,
רבנות,29,Rabbinic Authority,Rabbinate,,,,,
ענישה,28,Punishment,,,,,,
אור,28,Light,Ohr,,,,,
מיניות,28,Sexuality,,,,,,
צלם אלהים,28,Tzelem Elohim,,,,,,
שתיה,28,Drinking,,,,,,
עמידה,28,Amidah,,,,,,
הורים,28,Parents,,,,,,
אמת,27,Truth,Emet,truth,,,,
פרשת נח,27,Parashat Noach,,,,,,
סביבה,26,Environment,Enviromentalism,,,,,
חכמים,26,Chachamim,,,,,,
עצים,26,Trees,,,,,,
פרעה,26,Pharaoh,,,,,,
מדרש,26,Midrash,midrash,,,,,
שמות,26,Names,Shemot,Shmot,,,,
עקידה,25,Akeidah,,,,,,
מלאכים,25,Angels,Melachim,,,,,
נבואה,25,Prophecy,,,,,,
פרשת וישלח,25,Parashat Vayishlach,,,,,,
טבע,25,Nature,,,,,,
אליהו,24,Eliyahu,Elijah,,,,,
כבוד,24,Respect,Honor,Dignity,,,,
עוני,24,Poverty,,,,,,
המן,24,Haman,Manna,,,,,
יהושע,24,Joshua,Yehoshua,,,,,
יין,24,Wine,,,,,,
פרשת ויצא,24,Parashat Vayeitzey,,,,,,
זהות יהודית,24,Jewish Identity,,,,,,
פרשת חיי שרה,24,Parashat Chayei Sarah,Parashat Chaye Sarah,Parshat Chayei Sarah,,,,
תורת הנסתר,24,Mysticism,,,,,,
ישעיהו,23,Isaiah,Yeshayahu,,,,,
בחירה חופשית,23,Free Will,,,,,,
אמונה,23,Faith,Belief,Emunah,,,,
פרשת כי תצא,23,Parashat Ki Teitzei,Parashat Ki Tetze,,,,,
אנשים,23,People,,,,,,
עמלק,23,Amalek,,,,,,
סמכות,23,Authority,,,,,,
עשיו,23,Esau,Esav,,,,,
בעלי חיים,23,Animals,,,,,,
פרשת משפטים,23,Parashat Mishpatim,,,,,,
שמחה,23,Joy,Simcha,,,,,
סידור,23,Siddur,,,,,,
שלום,23,Peace,Shalom,Scholem,,,,
גאולה,23,Redemption,Geula,Geulah,,,,
פרשת בשלח,23,Parashat Beshalach,,,,,,
משיח,23,Mashiach,Messiah,,,,,
מים,23,Water,,,,,,
פרשת בא,22,Parashat Bo,,,,,,
זיכרון,22,Memory,,,,,,
תלמוד,22,Talmud,,,,,,
בריאות,21,Health,,,,,,
גרות,21,Conversion,,,,,,
לימוד,21,Learning,learning,,,,,
מלחמה,20,War,,,,,,
פרשת ראה,20,Parashat Re'eh,,,,,,
פרשת וישב,20,Parashat Vayeshev,Parashat Veyeshev,Parshat Vayeshev,,,,
פרשת תולדות,20,Parashat Toldot,Parshat Toledot,Parashat Toledot,,,,
אישי,20,Individual,,,,,,
חשיבה פוליטית,20,Political Thought,,,,,,
קרבן העומר,20,Omer,omer,,,,,
כסף,20,Money,,,,,,
פרשת נצבים,19,Parashat Nitzavim,Parshat Nitzavim,,,,,
מוסיקה,19,Music,,,,,,
"ט""ו בשבט",19,Tu B'Shvat,Tu B'shvat,Tu Bishvat,,,,
הישיבה הקונסרבטיבית,19,Conservative Yeshiva,,,,,,
פרשת חוקת,19,Parashat Chukat,Parshat Chukkat,,,,,
ירמיהו,19,Jeremiah,Yirmiyahu,,,,,
ציונות,19,Zionism,zionism,,,,,
הוראה,19,Teaching,teaching,,,,,
פרשת כי תשא,19,Parashat Ki Tissa,Parashat Ki Tisa,,,,,
טוהר,19,Purity,,,,,,
אומנות,19,Art,,,,,,
עבודה,18,Work,Avodah,Labor,AVODAH,,,
פרשת ויחי,18,Parashat Vayechi,Parashat Vayehi,,,,,
ספירה,18,Counting,counting,Sefirah,,,,
בראשית,18,Genesis,Bereshit,Bereishit,,,,
יתרו,18,Yitro,Jethro,,,,,
הלבשה,18,Clothing,,,,,,
ראש חודש,18,Rosh Chodesh,Rosh Hodesh,,,,,
יהדות אמריקה,18,American Judaism,American Jewry,,,,,
אבלות,17,Mourning,mourning,,,,,
חכמה,17,Wisdom,wisdom,,,,,
תשעה באב,17,Tisha B'av,Tisha B'Av,Tisha Bav,Tisha be'av,,,
הכנסת אורחים,17,Welcoming Guests,,,,,,
יונה הנביא,17,Jonah,Yonah,,,,,
חברה,17,Society,,,,,,
פרשת בלק,17,Parashat Balak,Parshat Balak,,,,,
יצר הרע,17,Yetzer Hara,,,,,,
רבקה,17,Rebecca,,,,,,
פרשת פנחס,17,Parashat Pinchas,,,,,,
הכללה,17,Inclusion,,,,,,
כוונה,17,Intention,purpose,Purpose,,,,
"רש""י",16,Rashi,,,,,,
ארבעה בנים,16,The Four Sons,,,,,,
נדרים,16,Vows,Nedarim,,,,,
חמץ,16,Chametz,Hametz,,,,,
שיר,16,Song,,,,,,
פרשת ואתחנן,16,Parashat Va'etchanan,Parshat V'etchanan,,,,,
מצה,16,Matzah,Matza,,,,,
פרשת תרומה,16,Parashat Terumah,,,,,,
יהדות רפורמית,15,Reform Judaism,,,,,,
פרשת שלח,15,Parashat Shelach,Parshat Shlach,,,,,
עגל הזהב,15,Golden Calf,The Golden Calf,,,,,
רבי עקיבא,15,Rabbi Akiva,,,,,,
ספר דברים,15,Deuteronomy,Deuteronomist,,,,,
פרשת תזריע,15,Parashat Tazria,Parshat Tazria,,,,,
פרשת וארא,15,Parashat Va'era,,,,,,
פרשת אחרי מות,15,Parashat Acharei Mot,,,,,,
פרשת מצורע,15,Parashat Metzora,Parashat Metzorah,Parsha Metzorah,,,,
פרשת שופטים,15,Parashat Shoftim,,,,,,
שיר השירים,15,Song of Songs,Shir Hashirim,,,,,
פרשת כי תבוא,15,Parashat Ki Tavo,,,,,,
קורח,15,Korach,,,,,,
בריאות,14,Wellness,,,,,,
הפלה,14,Abortion,,,,,,
קין,14,Cain,,,,,,
איכות הסביבה,14,Environmentalism,,,,,,
גוי,14,Gentile,,,,,,
פרשת דברים,14,Parashat Devarim,Parshat Devarim,,,,,
לוט,14,Lot,,,,,,
סבל,14,Suffering,,,,,,
אורחים,14,Guests,,,,,,
חוה,14,Eve,,,,,,
שאלות פרשה (למידות),14,Parsha Questions (Lamdut),,,,,,
פרשת שמיני,14,Parashat Shemini,Parshat Shemini,Parashat Shmini,,,,
מורים,14,Teachers,,,,,,
עולם הבא,14,Olam Haba,Olam HaBa,,,,,
עשר המכות,13,Ten Plagues,,,,,,
חיים,13,Life,life,chayim,,,,
כוונה,13,Kavanah,Kavana,Kavannah,,,,
צרעת,13,Leprosy,,,,,,
פרשת קורח,13,Parashat Korach,,,,,,
צדק סביבתי,13,Environmental Justice,,,,,,
עונש מוות,13,Death Penalty,Capital Punishment,,,,,
זמן,13,Time,,,,,,
יהודי סקרן,13,Jew Curious,,,,,,
פרשת ויגש,13,Parashat Vayigash,,,,,,
שקר,13,Lying,lying,,,,,
רעב,12,Hunger,Famine,,,,,
יחזקאל,12,Ezekiel,,,,,,
הלכה,12,Halakha,halacha,,,,,
הכרת הטוב,12,Gratitude,,,,,,
נדב ואביהוא,12,Nadav and Avihu,,,,,,
לאה,12,Leah,,,,,,
מרפא,12,Healing,,,,,,
פרשת עקב,12,Parashat Eikev,,,,,,
חירות,12,Freedom,,,,,,
רחל,12,Rachel,,,,,,
פרשת נשא,12,Parashat Naso,,,,,,
ענוה,12,Humility,,,,,,
פסיכולוגיה,12,Psychology,,,,,,
היסטוריה,12,History,,,,,,
תלמיד,11,Student,,,,,,
מקום,11,Place,,,,,,
רבנים,11,Rabbinics,Rabbis,,,,,
פרשת במדבר,11,Parashat Bamidbar,Parashat Bemidbar,,,,,
שמאי,11,Shammai,,,,,,
פרשת בהר,11,Parashat Behar,,,,,,
נפש,11,Soul,soul,Nefesh,,,,
אתיקה רפואית,11,Medical Ethics,,,,,,
השל,11,Heschel,heschel,,,,,
בני נוער,11,Teens,teens,,,,,
מחלוקת,11,Machloket,Disagreement,Dispute,,,,
מרדכי,11,Mordechai,,,,,,
משפחה,11,Family,,,,,,
פעילות כיתתית,11,Class Activity,Class activity,,,,,
אושר,11,Happiness,,,,,,
מגילה,11,Megillah,Megilla,,,,,
לוח שנה,11,Calendar,,,,,,
פרשת בהעלותך,11,Parashat Behaalotcha,Parashat Behaalotchah,,,,,
ספר שמות,11,Exodus,,,,,,
נתינה,11,Giving,Matan,,,,,
אבידה,11,Lost Property,,,,,,
תפילין,11,Tefillin,Tefilin,Teffilin,Phylacteries,,,
פרשת ויקרא,10,Parashat Vayikra,,,,,,
מדע,10,Science,,,,,,
מקווה,10,Mikvah,Mikveh,,,,,
חג ההודיה,10,Thanksgiving,,,,,,
חושך,10,Darkness,,,,,,
כוח,10,Power,Strength,,,,,
פרשת וילך,10,Parashat Vayelech,,,,,,
יבנה,10,Yavneh,,,,,,
לאומיות,10,Peoplehood,,,,,,
ינאי,9,Yannai,,,,,,
משלי,9,Proverbs,,,,,,
תולדות ישראל,9,Jewish History,,,,,,
פחד,9,Fear,,,,,,
קהלת,9,Ecclesiastes,,,,,,
פרשת בחוקותי,9,Parashat Bechukotai,,,,,,
מדבר,9,Desert,Wilderness,Midbar,,,,
ירושה,9,Inheritance,,,,,,
פנחס,9,Pinchas,,,,,,
שמחת תורה,9,Simchat Torah,Simchas Torah,Simhat Torah,,,,
פיוט,9,Piyyut,Piyut,,,,,
אוניברסליזם,9,Universalism,,,,,,
זרים,9,Strangers,,,,,,
ראיה,9,Seeing,,,,,,
חמלה,9,Compassion,,,,,,
יצירתיות,9,Creativity,,,,,,
ירח,9,Moon,moon,,,,,
משניות,9,Mishnayos,,,,,,
מחשבה יהודית,9,Jewish Thought,jewish thought,,,,,
שמירת הגוף,9,Shmirat Ha-Guf,,,,,,
פרה אדומה,9,Parah Adumah,red heifer,Red Heifer,para aduma,,,
נכות,9,Disability,,,,,,
אלכוהול,9,Alcohol,,,,,,
יהדות ואמנות,9,Judaism and Art,,,,,,
עדן,9,Eden,,,,,,
אומה,9,Nation,,,,,,
עדים,9,Witnesses,,,,,,
קרבן,9,Sacrifice,,,,,,
פרס,8,Reward,Persia,,,,,
עימות,8,Debate,debate,,,,,
פרשת האזינו,8,Parashat Ha'azinu,Parashat Haazinu,Parashsat Ha'azinu,,,,
זהר,8,Zohar,,,,,,
סוכה,8,Sukkah,,,,,,
יהדות,8,Judaism,,,,,,
נזיקין,8,Damages,,,,,,
מואב,8,Moab,Moav,,,,,
אבות,8,Avot,Avos,Ancestors,,,,
פרטיקולריות,8,Particularism,,,,,,
רחמים,8,Mercy,Rachamim,,,,,
חברות,8,Friendship,,,,,,
"ל""ג בעומר",8,Lag B'Omer,Lag B'omer,,,,,
מגילת אסתר,8,Megilat Esther,Book of Esther,Megillat Ester,Megillas Esther,Megillat Esther,,
הפסד,8,Loss,,,,,,
פרשת וזאת הברכה,8,Parashat V'zot Habrachah,Parashat V'zot Haberachah,,,,,
פרשת מטות,8,Parashat Matot,Parshat Matot,,,,,
נזיר,8,Nazir,,,,,,
טרנסג'נדר,8,Transgender,,,,,,
מנהג,8,Minhag,,,,,,
פרשת ויקהל,8,Parashat Vayakhel,,,,,,
שלמה,8,Solomon,,,,,,
חברותא,8,Chevruta,Chevrutah,Havruta,,,,
רוחניות,8,Spirituality,,,,,,
מעשר,8,Maaser,Tithe,Tithes,Tithing,Ma'aser,,
ליקוי חמה,7,Eclipse,eclipse,Solar Eclipse,solar eclipse,,,
פרשת מסעי,7,Parashat Ma'asei,,,,,,
קדושים,7,Kedoshim,,,,,,
טומאה,7,Tumah,Impurity,,,,,
פמיניזם,7,Feminism,,,,,,
הדרכה,7,Tutorial,,,,,,
עין תחת עין,7,Eye for an Eye,,,,,,
מתן תורה,7,Matan Torah,,,,,,
הלכות חובל,7,Personal Injury Law,,,,,,
אגדה,7,Aggadah,,,,,,
אמפתיה,7,Empathy,,,,,,
סוטה,7,Sotah,Sota,,,,,
ערכים,7,Values,values,,,,,
נידה,7,Niddah,Nidah,,,,,
כיבוד הורים,7,Honoring Parents,,,,,,
פעולה,7,Action,action,,,,,
גרמנית,7,German,german,,,,,
הלל ושמאי,7,Hillel and Shammai,,,,,,
עלייה,7,Immigration,aliya,,,,,
חיים לאחר המוות,7,Afterlife,,,,,,
מרגלים,7,Spies,,,,,,
משפטים,7,Mishpatim,,,,,,
פרשה,7,Parsha,Parashah,,,,,
גוים,7,Non-Jews,Non-jews,,,,,
מי מריבה,7,Mei Merivah,,,,,,
חתונות,7,Weddings,,,,,,
החטא האמיתי של משה ואהרן,7,Moshe and Aharon's Real Sin,,,,,,
מריבה,7,Meribah,,,,,,
ארבעה כוסות,7,Four Cups,,,,,,
התבוללות,7,Assimilation,,,,,,
שואה,7,Holocaust,,,,,,
הקשבה,7,Listening,,,,,,
לולב,7,Lulav,,,,,,
מסכות,7,Masks,,,,,,
דוגמא,7,Example,,,,,,
מוסריות,6,Morality,,,,,,
הורות,6,Parenting,,,,,,
פרשת מקץ,6,Parashat Miketz,,,,,,
פעולה חברתית,6,Social Action,,,,,,
עבודת ה',6,Avodat Hashem,,,,,,
בעלות,6,Ownership,,,,,,
חנה,6,Hannah,Chana,,,,,
טרנס תורה,6,Trans Torah,,,,,,
בלק,6,Balak,,,,,,
סליחות,6,Slichot,Selichos,Selichot,,,,
גירושין,6,Divorce,,,,,,
פליטים,6,Refugees,,,,,,
קריאת שמע,6,Kriyat Shema,,,,,,
צניעות,6,Modesty,Tzniut,,,,,
תיקון,6,Tikkun,,,,,,
רבן גמליאל,6,Rabban Gamliel,,,,,,
בטחון,6,Trust,,,,,,
יצר טוב,6,Yetzer Hatov,,,,,,
חלומות,6,Dreams,,,,,,
בצלם,6,B'tzelem Elohim,Betezlem,,,,,
שמעון בר יוחאי,6,Shimon Bar Yochai,Shimon Bar Yohai,,,,,
פעילות בית ספרית,6,School Activity,,,,,,
לחם,6,Bread,,,,,,
פוריות,6,Fertility,,,,,,
סוכות,6,Succot,Sukkos,Succos,,,,
ממשלה,6,Government,,,,,,
הנאה,6,Pleasure,,,,,,
קיימות,6,Sustainability,,,,,,
גויים,6,Gentiles,Goyim,,,,,
תרופה,6,Medicine,,,,,,
לזכור,6,Remember,,,,,,
כשר,6,Kosher,kosher,,,,,
Eli Talk,6,ELI Talk,Eli Talk,,,,,
עקיבא,6,Ekev,Akiva,,,,,
איכה,6,Lamentations,,,,,,
נסים,6,Miracles,,,,,,
תשליך,6,Tashlich,,,,,,
ביכורים,6,Bikkurim,,,,,,
אחדות,6,Unity,Achdut,,,,,
גלות,6,Exile,,,,,,
בית כנסת,6,Synagogue,,,,,,
נקמה,6,Revenge,Vengeance,,,,,
לידה,6,Childbirth,,,,,,
קוויר,6,Queer,,,,,,
הכנסת אורחים,6,Hospitality,,,,,,
עושר,6,Wealth,,,,,,
מתנות,6,Gifts,,,,,,
סלון נתן,6,Natan Salon,,,,,,
דמוקרטיה,6,Democracy,,,,,,
נשואי תערובת,6,Intermarriage,,,,,,
מקלט,6,Sanctuary,Refuge,Asylum,,,,
במדבר,6,Bamidbar,,,,,,
מגדר בקבלה,5,Gender in Kabbalah,,,,,,
שמש,5,Sun,sun,Shamash,,,,
נוער,5,Youth,,,,,,
רכילות,5,Gossip,,,,,,
דת,5,Religion,,,,,,
ישמעאל,5,Ishmael,,,,,,
הלוחות,5,The Tablets,,,,,,
סדום,5,Sodom,,,,,,
חדשנות,5,Innovation,,,,,,
תולדות,5,Toldot,Toldos,,,,,
סליחה,5,Forgiveness,,,,,,
בל תשחית,5,Bal Tashchit,,,,,,
אש,5,Fire,,,,,,
קסם,5,Magic,,,,,,
חלה,5,Challah,,,,,,
אחרית הימים,5,End of Days,,,,,,
תרגום,5,Translation,,,,,,
סולובייצ&#39;יק,5,Soloveitchik,,,,,,
ארבע קושיות,5,Four Questions,,,,,,
בבל,5,Babel,Babylon,,,,,
ר &#39;דניאל כהן,5,R. Daniel Kohn,,,,,,
במדבר,5,Numbers,,,,,,
פילנטרופיה,5,Philanthropy,,,,,,
קללות,5,Curses,,,,,,
לימוד,5,Study,,,,,,
ההלכה היהודית,5,Jewish Law,,,,,,
הגר,5,Hagar,,,,,,
תעניות,5,Fast Days,Fast Day,,,,,
מונותאיזם,5,Monotheism,,,,,,
קבלת התורה,5,Kabbalat HaTorah,Kabbalat Hatorah,Accepting Torah,,,,
צום גדליה,5,Tzom Gedaliah,Tsom Gedaliah,,,,,
טהרה,5,Taharah,Tahara,,,,,
תורה שבעל פה,5,Oral Torah,,,,,,
ברית מילה,5,Circumcision,Brit Milah,,,,,
אתרוג,5,Etrog,,,,,,
קדיש,5,Kaddish,kaddish,,,,,
ספר תורה,5,Torah Scroll,Sefer Torah,,,,,
פרשת כי תצא,5,Parashat Ki Teitze,,,,,,
יום גלובלי,5,Global Day,,,,,,
זר,5,Stranger,,,,,,
מלכות,5,Kingship,,,,,,
מכות,5,Makkot,,,,,,
שכנים,5,Neighbors,,,,,,
חקלאות,5,Agriculture,,,,,,
קידוש,5,Kiddush,,,,,,
הולדת,5,Birth,,,,,,
שמרני,5,Conservative,,,,,,
מפקד,5,Census,,,,,,
פרשנות,5,Interpretation,Hermeneutics,,,,,
קבורה,5,Burial,,,,,,
נזילות מגדרית,5,Gender Fluid,,,,,,
מבוא ליהדות,5,Introduction to Judaism,,,,,,
משלוח מנות,4,Mishloach Manot,,,,,,
תודה,4,Thanks,,,,,,
ויקרא,4,Vayikra,,,,,,
מחשבה,4,Machshava,Thought,,,,,
כמרים,4,Priests,,,,,,
דם,4,Blood,,,,,,
בובר,4,Buber,,,,,,
קטניות,4,Kitniyot,,,,,,
"""קבע""",4,Kevah,Keva,,,,,
בדידות,4,Isolation,Loneliness,,,,,
מלכיצדק,4,Malchitzedek,,,,,,
כי תשא,4,Ki Tisa,,,,,,
משפט,4,Trial,,,,,,
מעבר,4,Transition,,,,,,
פאי,4,Pi,,,,,,
אלימות,4,Violence,,,,,,
דברים,4,Devarim,,,,,,
ספר ויקרא,4,Leviticus,,,,,,
הריון,4,Pregnancy,,,,,,
מסורת,4,Tradition,,,,,,
הבדלה,4,Havdalah,,,,,,
גלית,4,Goliath,,,,,,
חינוך יהודי,4,Jewish Education,,,,,,
מדיטציה,4,Meditation,meditation,,,,,
עסק,4,Business,,,,,,
גורל,4,Fate,Goral,,,,,
אותות,4,Signs,,,,,,
גשם,4,Rain,,,,,,
כפרה,4,Atonement,,,,,,
תפיסות מוטעות,4,Misconceptions,,,,,,
מזוזה,4,Mezuzah,,,,,,
תמר,4,Tamar,,,,,,
בת קול,4,Bat Kol,,,,,,
טרנסג&#39;נדרים ביהדות,4,Transgender in Judaism,,,,,,
עזרא,4,Ezra,,,,,,
תצוה,4,T'tzaveh,Tetzaveh,,,,,
שנה חדשה,4,New Year,,,,,,
תאודיציה,4,Theodicy,,,,,,
הצבעה,4,Voting,,,,,,
תרבות,4,Culture,culture,,,,,
יחסים,4,Relationships,,,,,,
פרשת וארא,4,Parashat Vaera,Prashat Vaera,,,,,
נוחות,4,Comfort,,,,,,
שדים,4,Demons,,,,,,
יהירות,4,Arrogance,Haughtiness,,,,,
שימת לב,4,Mindfulness,Heed,,,,,
בר כוכבא,4,Bar Kokhba,Bar Kokhva,Bar Kochba,Bar Kochva,,,
נשמה,4,Neshama,neshama,,,,,
פרשת תצווה,4,Parashat Tetzaveh,,,,,,
כפירה,4,Apostasy,,,,,,
אנטישמיות,4,Antisemitism,Anti-Semitism,,,,,
נביא,4,Navi,,,,,,
מודרניות,4,Modernity,,,,,,
ירושלמי,4,Yerushalmi,,,,,,
קירוב,4,Outreach,,,,,,
שכינה,4,Shekhinah,Shechinah,shechinah,,,,
ספירות,4,Sefirot,Sephirot,,,,,
סיפור,4,Storytelling,,,,,,
מכשירים ספרותיים,4,Literary Devices,,,,,,
ויגש,4,Vayigash,,,,,,
תמונה,4,Image,,,,,,
העם היהודי,4,Jewish People,,,,,,
עגונה,4,Agunah,,,,,,
שתילה,4,Planting,,,,,,
שקרים,4,Lies,,,,,,
ספירת העומר,4,Sefirat Ha'Omer,Sefiras HaOmer,Sefirat Haomer,Sefirat Ha'omer,,,
שבע ברכות,4,Sheva Brachot,Sheva Berachot,,,,,
אנושיות,4,Humanity,,,,,,
חסידות,4,Hasidus,,,,,,
יובל,4,Jubilee,Yovel,,,,,
ביקורת המקרא,4,Biblical Criticism,,,,,,
מדיה חברתית,4,Social Media,,,,,,
ישועה,4,Salvation,,,,,,
עושק,4,Oppression,,,,,,
טראמפ,4,Trump,,,,,,
זהות,4,Identity,,,,,,
גזע,4,Race,,,,,,
כלי המקדש,4,Vessels,,,,,,
בועז,4,Boaz,,,,,,
גרות,4,Gerut,,,,,,
מחאה,4,Protest,,,,,,
גבורה,3,Gevurah,Heroism,Gevura,,,,
קטן,3,Katan,,,,,,
שקלים,3,Shekalim,,,,,,
הדור מצוה,3,Hiddur Mitzvah,,,,,,
שכינה,3,Shechina,,,,,,
פלורליזם,3,Pluralism,,,,,,
קבלת מצוות,3,Acceptance of Mitzvot,Kabbalat Mitzvot,,,,,
הוקרה,3,Appreciation,,,,,,
בצלאל,3,Betzalel,,,,,,
התחדשות,3,Renewal,,,,,,
פילון,3,Philo,,,,,,
בני אנוש,3,Humans,Human Beings,,,,,
דוד המלך,3,King David,,,,,,
קידוש השם,3,Kiddush Hashem,,,,,,
פרשת צו,3,Parashat Tzav,,,,,,
שירת הים,3,The Song of the Sea,,,,,,
כעס,3,Anger,,,,,,
ונתנה תוקף,3,Unetaneh Tokef,,,,,,
תחיית המתים,3,Resurrection,Rebirth,,,,,
אסטרטגיה ארגונית,3,Organizational Strategy,,,,,,
עבודה זרה,3,Avodah Zara,Avoda Zara,,,,,
שבות,3,Shvut,Shevut,Sh'vut,,,,
כתיבה,3,Writing,writing,,,,,
שינוי אקלים,3,Climate Change,,,,,,
חתונה,3,Wedding,,,,,,
שמיני,3,shmini,Shemini,Shmini,,,,
שדים,3,Ghosts,,,,,,
מלך,3,King,,,,,,
כלי תקשורת,3,Media,,,,,,
מיילדות,3,Midwives,,,,,,
מניין,3,Minyan,,,,,,
חיי שרה,3,Chayei Sarah,Hayei Sarah,,,,,
החובל,3,HaChovel,,,,,,
שיח אזרחי,3,Civil Discourse,,,,,,
מגיד,3,Maggid,,,,,,
מנוחה,3,Rest,,,,,,
קבלת שבת,3,Kabbalat Shabbat,,,,,,
נחמן,3,Nachman,,,,,,
"להט""ב יהודי",3,Jewish LGBT,,,,,,
פאה,3,Peah,Pe'ah,,,,,
הומור,3,Humor,,,,,,
צלם אלוקים,3,Image of God,,,,,,
אקו,3,Eco,,,,,,
שוטה,3,Shoteh,,,,,,
חרש,3,Cheresh,,,,,,
תניא,3,Tanya,,,,,,
חלב,3,Milk,,,,,,
רוע,3,Evil,,,,,,
ברוריה,3,Bruria,Berurya,,,,,
חטיבת ביניים,3,Middle School,,,,,,
מכבים,3,Maccabees,,,,,,
ברכת המזון,3,Birkat Hamazon,,,,,,
ידיים,3,Hands,,,,,,
רשימת קריאה,3,Syllabus,,,,,,
בלעדיות,3,Inclusivity,,,,,,
חזון אחרית הימים,3,Eschatology,,,,,,
ספרדי,3,Sephardi,Sephardic,,,,,
עיוורון,3,Blindness,,,,,,
לאונרד כהן,3,Leonard Cohen,,,,,,
תרומה,3,Terumah,,,,,,
אדר,3,Adar,,,,,,
חסר בית,3,Homelessness,,,,,,
לחץ,3,Stress,,,,,,
מתנות לאביונים,3,Matanot Levyonim,,,,,,
אומץ,3,Courage,,,,,,
ר &#39;אהרון ליכטנשטיין,3,R. Aharon Lichtenstein,,,,,,
תפארת,3,Glory,Tiferet,,,,,
ימים נוראים,3,High Holy Days,,,,,,
רב,3,Rabbi,,,,,,
מכללה,3,College,,,,,,
הקשחת הלב,3,Hardening of the Heart,Hardening of Heart,,,,,
לחימה,3,Fighting,,,,,,
הדר,3,Hadar,,,,,,
שירים,3,Songs,,,,,,
אמונה טפלה,3,Superstition,,,,,,
חלבי,3,Dairy,,,,,,
נוכחות,3,Presence,,,,,,
צמחונות,3,Vegetarianism,,,,,,
שירה,3,Poetry,Shira,,,,,
ציר הזמן המקראי,3,Biblical Timeline,,,,,,
כבוד אנושי,3,Human Dignity,,,,,,
הומוסקסואליות,3,Homosexuality,,,,,,
חגיגה,3,Chagigah,,,,,,
הבעל שם טוב,3,Baal Shem Tov,Ba'al Shem Tov,,,,,
סטודנטים,3,Students,,,,,,
מקרא מגילה,3,Mikrah Megillah,,,,,,
כישוף,3,Sorcery,,,,,,
משימה,3,task,Assignment,mission,,,,
מילים,3,Words,words,,,,,
בשרי,3,Meat,,,,,,
תושב,3,Resident,,,,,,
בר מצווה,3,Bar Mitzvah,,,,,,
הגנה,3,Protection,,,,,,
שלום בית,3,Shalom Bayit,,,,,,
סעודת פורים,3,Seudat Purim,,,,,,
עץ החיים,3,Tree of Life,,,,,,
הר סיני,3,Mount Sinai,Har Sinai,,,,,
דבורה,3,Dvorah,Devorah,,,,,
פרוייקט הקש,3,Hekesh Project,,,,,,
כי תבוא,3,Ki Tavo,,,,,,
יופי,3,Beauty,,,,,,
גננות,3,Gardening,,,,,,
שינוי,3,Change,,,,,,
"ט""ו באב",3,Tu B'av,,,,,,
שתיה,3,Drink,,,,,,
הפטרה,3,Haftarah,,,,,,
אסטרונומיה,3,Astronomy,astronomy,,,,,
בן איש חי,3,Ben Ish Chai,,,,,,
מלאך,3,Angel,,,,,,
כלכלה,3,Economy,Economics,,,,,
לך לך,3,Lech Lecha,,,,,,
"ד""ר יהושע קולפ",3,Dr. Joshua Kulp,,,,,,
הנהלה,3,Management,,,,,,
אשה,3,Woman,,,,,,
שאול,3,Saul,Shaul,Sheol,,,,
שמיעה,3,Hearing,,,,,,
שמשון,3,Samson,,,,,,
העומר,3,ha'omeir,haomer,ha'omer,,,,
ושתי,3,Vashti,,,,,,
נשגבות,3,Transcendence,,,,,,
משנה תורה,3,Mishneh Torah,Mishnah Torah,,,,,
נחמיה,3,Nehemiah,,,,,,
פליט,3,Refugee,,,,,,
נשא,3,Naso,,,,,,
שבויים,3,Captives,,,,,,
ה',3,Hashem,,,,,,
יום העצמאות,3,Yom Ha’Atzmaut,Yom Ha'atzmaut,Yom Ha'Atzma'ut,,,,
טוב,3,Good,,,,,,
מחנה,3,Camp,,,,,,
נזיפה,3,Rebuke,,,,,,
דיון,3,Discussion,,,,,,
גולם,3,Golem,golem,,,,,
ויצא,3,Vayetze,,,,,,
נצבים,3,Nitzavim,,,,,,
קעקועים,3,Tattoos,,,,,,
שאלות,3,Questions,,,,,,
דכאון,3,Depression,,,,,,
מצורע,3,Metzora,,,,,,
שליט,3,Ruler,,,,,,
הונאה,3,Deception,deception,,,,,
כיפה,3,Kippah,Kipa,,,,,
מרי אזרחי,3,Civil Disobedience,,,,,,
פסחים,3,Pesachim,,,,,,
העולם הבא,3,World to Come,,,,,,
פרשת בהעלותך,3,Parashat Behalotecha,Parashat Bahalotecha,,,,,
שמואל,3,Samuel,,,,,,
פדגוגיה,3,Pedagogy,Pedegogy,,,,,
עם ישראל,3,Am Yisrael,,,,,,
טינה,3,Grudges,,,,,,
תקוה,3,Hope,,,,,,
יריבים,3,Rivals,,,,,,
עולם,3,World,,,,,,
הצקה,3,Bullying,,,,,,
אושפיזין,3,Ushpizin,,,,,,
קטורת,3,Incense,Ketoret,,,,,
בית ספר תיכון,3,High School,,,,,,
הרב מרדכי זילברשטיין,3,Rabbi Mordechai Silverstein,,,,,,
תשרי,3,Tishrei,,,,,,
נצרות,3,Christianity,,,,,,
מגדר ביהדות,3,Gender in Judaism,,,,,,
הגנה,3,Advocacy,,,,,,
לחזות,3,Visualize,,,,,,
שמונה עשרה,2,Shmoneh Esreh,,,,,,
לילה,2,Night,,,,,,
אהבה רבה,2,Ahavah Rabbah,,,,,,
רועה,2,Shepherd,,,,,,
ברסלב,2,Breslov,,,,,,
קרבן פסח,2,Korban Pesach,,,,,,
חשיבה מודרנית,2,Modern Thought,,,,,,
סמכותנות,2,Authoritarianism,,,,,,
הרב יונתן סאקס,2,Rabbi Jonathan Sacks,,,,,,
דמיון,2,Imagination,,,,,,
טוב וישר,2,Tov Veyashar,,,,,,
שמן,2,Oil,,,,,,
בושה,2,Embarrassment,Embarassment,,,,,
פרי,2,Fruit,,,,,,
הנשיא טראמפ,2,PresidentTrump,,,,,,
זוגות,2,Pairs,Zugot,,,,,
המכות,2,Plagues,,,,,,
יווני,2,Greek,,,,,,
צדק במזון,2,Food Justice,,,,,,
מרטין לות&#39;ר קינג,2,Martin Luther King,,,,,,
מקורות,2,Sources,,,,,,
פונדקאות,2,Surrogacy,,,,,,
מועד,2,Moed,,,,,,
קמיעות,2,Amulets,,,,,,
שמות,2,Exodos,,,,,,
מילדות,2,Meyaldot,,,,,,
אוהלים,2,Tents,,,,,,
אנשי קודש,2,Holy People,,,,,,
אנרגיה,2,Energy,,,,,,
ברית מילה,2,Bris,,,,,,
ספק,2,Doubt,,,,,,
עצמאות,2,Independence,,,,,,
ארגומנט,2,Arguement,,,,,,
אביגיל,2,Abigail,Avigail,,,,,
המרכבה,2,Merkavah,,,,,,
מנורה,2,Menorah,,,,,,
הצעות,2,Offerings,,,,,,
השראה,2,Inspiration,,,,,,
שחרור,2,Liberation,,,,,,
כי תצא,2,Ki Teitzei,,,,,,
הלכה,2,Halocha,,,,,,
עולה רגל,2,Oleh Regel,,,,,,
זכויות בעלי חיים,2,Animal Rights,,,,,,
מצוות בני נח,2,Noahide Laws,,,,,,
אמן,2,Amen,,,,,,
אחי יוסף,2,Joseph's Brothers,,,,,,
בגרות,2,Adulthood,,,,,,
כיתה ד' וה',2,4th and 5th Grade,,,,,,
הרב קוק,2,Rav A.I. Kook,,,,,,
צער,2,Grief,,,,,,
גדרי הקדושה,2,Holiness Codes,,,,,,
יורה דעה,2,Yoreh Deah,,,,,,
יהודית,2,Judith,Yehudit,,,,,
בת שבע,2,Bath-Sheba,,,,,,
גזענות,2,Racism,,,,,,
מנהיג,2,Leader,,,,,,
לוריא,2,Luria,,,,,,
חשוון,2,Cheshvan,,,,,,
לוחות,2,Tablets,,,,,,
לשון הרע,2,Lashon Hara,,,,,,
טהרות,2,Taharos,,,,,,
הפקר,2,Hefker,,,,,,
רבא,2,Rava,,,,,,
מזמור כג,2,Psalm 23,,,,,,
טהרת המשפחה,2,Taharat Hamishpacha,Taharas Hamishpacha,,,,,
משקה חריף,2,Liquor,,,,,,
גיל ההתבגרות,2,Adolescence,Puberty,,,,,
סבר פנים,2,Welcoming,,,,,,
מוצא אתני,2,Ethnicity,,,,,,
שמירת הרכוש,2,Stewardship,,,,,,
דיני שבת,2,Shabbat Laws,,,,,,
טבילה,2,Immersion,,,,,,
שירת הים,2,Shirat Ha'yam,,,,,,
שיעור משפחתי,2,Family Lesson,,,,,,
חיים סולובייצ&#39;יק,2,Haym Soloveitchik,Hayyim Soloveitchik,,,,,
גיוס כספים,2,Fundraising,,,,,,
מסים,2,Taxes,,,,,,
תורת חובבי,2,Torat Chovevei,,,,,,
אמנות ותרבות,2,Arts & Culture,Arts and Culture,,,,,
הרס,2,Destruction,,,,,,
מורה,2,Teacher,,,,,,
אסתר פורים,2,Esther Purim,,,,,,
הרג,2,Killing,,,,,,
קידושין,2,Kiddushin,,,,,,
יהדות קונסרבטיבית,2,Conservative Judaism,,,,,,
צמצום,2,Tzimtzum,,,,,,
"הרמב""ן",2,Ramban,,,,,,
גרסה מקוצרת,2,Shortened Version,,,,,,
מכשירים,2,Instruments,,,,,,
טכנולוגיה,2,Technology,,,,,,
ערי מקלט,2,Cities of Refuge,,,,,,
יראת ה &#39;,2,Yirat Hashem,,,,,,
לבן,2,Lavan,,,,,,
רבי שלמה זכרו,2,Rabbi Shlomo Zacharow,,,,,,
נקבה,2,Female,Femininst,,,,,
המשכיות,2,Continuity,,,,,,
חלב ובשר,2,Milk & Meat,Milk and Meat,,,,,
פעלתנות,2,Activism,,,,,,
עמלקים,2,Amalekites,,,,,,
אשפות,2,Wizardry,,,,,,
האזינו,2,Ha'Azinu,Haazinu,,,,,
וארא,2,Vaera,,,,,,
מזרחי,2,Mizrahi,,,,,,
ברכה,2,Brachah,Blessing,,,,,
החטיבה העברית,2,Hebrew Division,,,,,,
עונג,2,Oneg,,,,,,
שמואל שטרן,2,Samuel Stern,,,,,,
הישג,2,Accomplishment,,,,,,
כתובים,2,Writings,,,,,,
בבא בתרא,2,Baba Batra,Bava Batra,,,,,
אור לגויים,2,Or Lagoyim,Or l'Goyim,,,,,
גיוון,2,Diversity,,,,,,
עלינו,2,Aleinu,,,,,,
לגור,2,Dwell,,,,,,
מגדל בבל,2,Tower of Babel,,,,,,
ברד,2,Hail,Barad,,,,,
השאלה,2,Lending,,,,,,
להיות מעורב,2,Getting Involved,,,,,,
גרמניה,2,Germany,,,,,,
ים,2,Sea,,,,,,
זמן קדוש,2,Sacred Time,,,,,,
צביעות,2,Hypocrisy,,,,,,
משרפה,2,Cremation,,,,,,
טעויות,2,Mistakes,,,,,,
העם הנבחר,2,Chosen People,,,,,,
גן עדן,2,Gan Eden,Garden of Eden,,,,,
דקדוק,2,Grammar,,,,,,
צאצאיהם,2,Descendants,,,,,,
ויחי,2,Vayechi,,,,,,
"י""ג מידות",2,13 Middot,,,,,,
עליה,2,aliyah,Aliyah,,,,,
"יורה דעה, בשאר בחלב, בשר וחלב",2,"Yoreh Deah, Basar Bechalav, meat and milk",,,,,,
בחירות,2,Elections,,,,,,
הנרטיב היהודי,2,Jewish Narrative,,,,,,
המקומות הקדושים,2,Holy Places,Holy Spaces,,,,,
דטרמיניזם,2,Determinism,,,,,,
כופרים,2,Heretics,,,,,,
שבירה,2,Shevirah,Breaking,,,,,
נשך,2,Usury,,,,,,
גיבור,2,Hero,,,,,,
מגפה,2,Plague,,,,,,
טענה,2,Argument,Assertion,,,,,
גאווה,2,Gevoha,Gaava,,,,,
צער בעלי חיים,2,Animal Cruelty,,,,,,
מחאה ציבורית,2,Public Protest,,,,,,
רבי ישמעאל,2,Rabbi Yishmael,Rabbi Ishmael,,,,,
נעשה ונשמע,2,Naaseh Ve'nishma,,,,,,
חברון,2,Hebron,,,,,,
כלים,2,Keilim,,,,,,
עני,2,Poor,,,,,,
משתה בפורים,2,Drinking on Purim,,,,,,
על הניסים,2,Al Hanisim,,,,,,
אחריות קהילתית,2,Communal Responsibility,,,,,,
טרנספורמציה,2,Transformation,,,,,,
כישוף,2,Witchcraft,,,,,,
חינוך ישראל,2,Israel Education,,,,,,
עזרה,2,Help,,,,,,
סרח בת אשר,2,Serach Bat Asher,,,,,,
מרור,2,Maror,,,,,,
עבדים,2,Slaves,,,,,,
זכויות אדם,2,Human Rights,,,,,,
יצחק לוריא,2,Isaac Luria,,,,,,
חוצפה,2,Chutzpah,Audacity,,,,,
לקיחה,2,Taking,,,,,,
לשון הרע,2,Loshen Hora,,,,,,
בני עקיבא,2,Bnei Akiva,,,,,,
עיר מקלט,2,Ir Miklat,,,,,,
רחב,2,Rahab,,,,,,
הכנסת אורחים,2,Hachnasat Orchim,,,,,,
ארכיטקטורה,2,architecture,Architecture,,,,,
מה טובו,2,Mah Tovu,,,,,,
ציטוטים מפורסמים,2,Famous Quotes,,,,,,
תשוקה,2,Desire,,,,,,
סמים,2,Drugs,,,,,,
סיפורים מקוריים,2,Origin Stories,,,,,,
המשכן,2,Tabernacles,The Mishkan,,,,,
זכויות עובדים,2,Worker Rights,Workers' Rights,,,,,
שם,2,Shem,,,,,,
חציית הירדן,2,Crossing the Jordan,,,,,,
לקט,2,Gleaning,,,,,,
בגדים,2,Clothes,Garments,,,,,
הירח,2,The moon,The Moon,,,,,
קל וחומר,2,Kal V'Chomer,Kal V'chomer,,,,,
ביואתיקה,2,Bioethics,,,,,,
הדלקת נרות,2,Candle Lighting,,,,,,
טראומה,2,Trauma,,,,,,
גט,2,Get,,,,,,
הסתרה,2,Concealment,Hiding,,,,,
סאטירה,2,Satire,,,,,,
קריאת התורה,2,Torah Reading,,,,,,
פוליטיקה,2,Politics,,,,,,
אבלים,2,Mourners,mourners,,,,,
התנגדות,2,Resistance,,,,,,
נאמנות,2,Fidelity,Loyalty,,,,,
ואתחנן,2,Va'etchanan,,,,,,
ברוך הבא,2,Welcome,,,,,,
ואתחנן,2,V'etchanan,v'etchanan,,,,,
ציצית,2,Tzitzit,,,,,,
מטפורה,2,Metaphor,,,,,,
חינוך למשפחה,2,Family Education,,,,,,
כי תשא,2,Ki Tissa,,,,,,
שעמום,2,Boredom,,,,,,
פקודי,2,Pekudei,,,,,,
נר תמיד,2,Ner Tamid,,,,,,
יהודה הלוי,2,Judah Halevi,Yehuda HaLevi,,,,,
פרשת תצוה,2,Parashat Tezaveh,Parashat Teztaveh,,,,,
שלח לך,2,Shlach Lecha,,,,,,
חפץ חיים,2,Chofetz Chaim,,,,,,
אסיפת מחנכים יהודים,2,Jewish Educators Assembly,,,,,,
תענית אסתר,2,Fast of Esther,,,,,,
יסודי,2,Elementary,,,,,,
יסודות היהדות,2,Fundamentals of Judaism,,,,,,
הר סיני,2,Mt. Sinai,,,,,,
אחר,2,Other,,,,,,
מודים,2,Modim,,,,,,
ציפורה,2,Tzipporah,,,,,,
מילניאלים,2,Millennials,,,,,,
גרסה מלאה,2,Full Version,,,,,,
רבי שמואל (ריצ&#39;י) לואיס,2,Rabbi Shmuel (Richie) Lewis,,,,,,
שמונה,2,Eight,,,,,,
גלגול נשמות,2,Reincarnation,,,,,,
שוחד,2,Bribery,Bribes,,,,,
סוף החיים,2,End of life,End of Life,,,,,
ירח דם,2,blood moon,Blood Moon,,,,,
התעללות בילדים,2,Child Abuse,,,,,,
בשלח,2,Beshalach,,,,,,
הדסה,2,Hadassah,,,,,,
התעללות,2,Abuse,,,,,,
קושנר,2,Kushner,,,,,,
אחים,2,Siblings,,,,,,
שמיני עצרת,2,Shmini Atzeret,Shemini Atzeret,,,,,
כזית,2,K´zait,K'Zayit,,,,,
שמור וזכור,2,Shamor veZachor,,,,,,
יהודה,2,Judah,,,,,,
קריאה צמודה,2,Close Reading,,,,,,
יהודי,2,Jewish,,,,,,
ריבית,2,Interest,,,,,,
תמוז,2,Tammuz,,,,,,
קפיטליזם,2,Capitalism,,,,,,
דירות,2,Dwellings,,,,,,
קדיש יתום,2,Mourner's Kaddish,,,,,,
בת שבע,2,Bat Sheva,Batsheva,,,,,
בבא מציעא,2,Bava Metzia,Baba Metzia,,,,,
ספר בראשית,2,Sefer Bereishit,,,,,,
גמרא,2,Gemara,Gemara Lawyer Project,,,,,
מוסר,2,Mussar,,,,,,
צדק סביבתי,2,Enviornmental Justice,,,,,,
מסורה,2,Transmission,,,,,,
החלטות,2,Resolutions,Decisions,,,,,
אסטרולוגיה,2,Astrology,astrology,,,,,
שינה,2,Sleep,,,,,,
עכשוי,2,contemporary,Contemporary,,,,,
חשמל,2,Electricity,,,,,,
פרשת ויצא,2,Parashat Vayetze,Parashat Vayetzey,,,,,
הלכות שבת,2,Hilchot Shabbat,Hilchos Shabbos,,,,,
שלושה ימים,2,Three Days,,,,,,
תרומה,2,Truma,Trumah,,,,,
סולרי,2,solar,Solar,,,,,
תאנים,2,Figs,,,,,,
רצון,2,Will,Ratzon,,,,,
להיות אדם טוב,2,Being a Good Person,,,,,,
בית שני,2,Second Temple,,,,,,
התרה,2,Annulment,,,,,,
שבעים פנים,2,70 Faces,,,,,,
נרטיב,2,Narrative,,,,,,
פיצוי,2,Compensation,,,,,,
דאגה עצמית,2,Self Care,Self-Care,,,,,
גסיסה,2,Dying,,,,,,
לקוטי הלכות,2,Likutei Halachot,,,,,,
ורד הולנדר - גולדפרב,2,Vered Hollander-Goldfarb,,,,,,
בעלים,2,Husbands,,,,,,
השתחויה,2,Bowing,,,,,,
"מהר""ל",2,Maharal,,,,,,
עמורה,2,Gemorrah,,,,,,
פרספקטיבה,2,Perspective,,,,,,
נס,2,Miracle,,,,,,
סבים,2,Grandparents,,,,,,
שם אלוהים,2,God's Name,Name of God,,,,,
בכורה,2,Birthright,,,,,,
יושרה,2,Honesty,,,,,,
ספורט,2,Sports,,,,,,
תפוצות,2,Diaspora,,,,,,
"תחרות התנ""ך של ארה""ב",2,US Bible Contest,,,,,,
שלמות,2,Perfection,Wholeness,,,,,
שטיינזלץ,2,Steinsaltz,,,,,,
סודות,2,Secrets,,,,,,
מסורות,2,Masoretes,Traditions,,,,,
ארבעה כוסות יין,2,Four Cups of Wine,,,,,,
חיבור,2,connection,Connection,,,,,
ידע,2,Knowledge,,,,,,
רציונליות,2,Rationality,,,,,,
ספר החיים,2,Book of Life,,,,,,
בהעלותך,2,B'ha'alotekha,,,,,,
הר הבית,2,Temple Mount,Har Habayit,,,,,
ספרות,2,Literature,,,,,,
בית,2,Home,,,,,,
בית ספר משלים,2,Supplementary School,,,,,,
תיאוריה פוליטית,2,Political Theory,,,,,,
הפקולטה,2,Faculty,,,,,,
שיעורי בית,2,Homework,,,,,,
ברוך שאמר,2,Baruch SheAmar,Baruch She'amar,,,,,
משמעות,2,Meaning,,,,,,
ציפור אם,2,Mother Bird,,,,,,
וישלח,2,Vayishlach,,,,,,
כפיה,2,Coercion,,,,,,
נסיעה,2,Travel,,,,,,
קריאת התורה,2,Torah Service,,,,,,
מיתוס,2,Myth,,,,,,
חזרה,2,Return,,,,,,
אין סוף,1,Ein Sof,,,,,,
אינטליגנציה חברתית,1,Social Intelligence,,,,,,
יושרה,1,Integrity,,,,,,
אבל,1,Mourner,,,,,,
יזמות חברתית,1,Social Entrepreneurship,,,,,,
"טופ 10, דירוג דפים, גוגל",1,"Top10, Pagerank, Google",,,,,,
השכיבנו,1,Hashkiveinu,,,,,,
שמונה עשרה,1,Shmoneh Esrei,,,,,,
סלע,1,Rock,,,,,,
קטגוריות,1,Categories,,,,,,
תשליך,1,Tashlikh,,,,,,
פסוקי דזמרה,1,Psukei D'Zimrah,,,,,,
שיר של יום,1,Shir Shel Yom,,,,,,
סגנון ניהול,1,Management Style,,,,,,
סדר נשים,1,Women's Seder,,,,,,
פליאה קיצונית,1,Radical Amazement,,,,,,
רשעות,1,Wickedness,,,,,,
אושר,1,Hapiness,,,,,,
קמצא,1,Kamtza,,,,,,
תרגול רוחני,1,Spiritual Practice,,,,,,
תורה קווירית,1,Queer Torah,,,,,,
מגדל,1,Tower,,,,,,
חיות כשרות,1,Kosher Animals,,,,,,
"משכן, אנרגיה סולארית, בית מקדש, משכן",1,"Mishkan, Solar Energy, Temple, Tabernacle",,,,,,
קצינים,1,Officers,,,,,,
בית חולים,1,Hospital,,,,,,
בראשית 25: 29-34,1,Genesis 25:29-34,,,,,,
חשמלי,1,Electric,,,,,,
צלע,1,Rib,,,,,,
דתן ואבירם,1,Datan and Aviram,,,,,,
עקדת יצחק,1,Binding of Isaac,,,,,,
ישראל דיון,1,Israel Discussion,,,,,,
גזרה קדומה,1,Predestination,,,,,,
"אש, הרים, נגב, שמע, ים סוף, ישראל, להבות, עננים",1,"Fire, Mountains, Negev, Shema, Red Sea, Israel, Flames, Clouds",,,,,,
גבריות,1,Masculinity,,,,,,
אשכנזים,1,Ashkenazim,,,,,,
אוטונומיה,1,Autonomy,,,,,,
מעסיק,1,Employer,,,,,,
"דגלים, שנים עשר שבטים, שבטים, החניה במדבר",1,"Flags, Twelve Tribes, Tribes, Dessert Encampment",,,,,,
מאוחד,1,United,,,,,,
להזיע,1,Sweat,,,,,,
כיף,1,fun,,,,,,
נביאה,1,Prophetess,,,,,,
כתובות,1,Ketubot,,,,,,
"ארבה, חושך, קבלה, המכה התשיעית, המגיפה השמינית, מצרים, פירמידות",1,"Locusts, Darkness, Kabbalah, Ninth Plague, Eight Plague, Egypt, Pyramids",,,,,,
אימפולסיביות,1,Impulsivity,,,,,,
VBM,1,Vbm,,,,,,
שרשרות אספקה,1,Supply Chains,,,,,,
תענית אסתר,1,Taanit Esther,,,,,,
מיסטיקה יהודית,1,Jewish Mysticism,,,,,,
צניgות,1,Tzniyut,,,,,,
פרץ,1,Gush,,,,,,
תניעות,1,Tznius,,,,,,
עץ חיים,1,Etz Chayim,,,,,,
"המשכן, עורות בעלי חיים, אוהל",1,"Tabernacle, Animal Skins, Tent",,,,,,
גלישה,1,Surfing,,,,,,
קומיקס,1,Comics,,,,,,
ארכיאולוגיה,1,Archaeology,,,,,,
מינוי אהרן,1,Appointment of Ahron,,,,,,
הרווארד,1,Harvard,,,,,,
מרה,1,Marah,,,,,,
כהן גדול,1,Kohen Gadol,,,,,,
מחויבות,1,Commitment,,,,,,
מועדפים,1,Favorites,,,,,,
גם זה יעבור,1,This Too Shall Pass,,,,,,
רבי זירא,1,Rabbi Zeira,,,,,,
מעמד יהודי,1,Jewish Status,,,,,,
מרץ,1,March,,,,,,
קהילת ASBI,1,ASBI Congregation,,,,,,
דתן,1,Datan,,,,,,
זיתים,1,OLIVES,,,,,,
אמריקאי,1,American,,,,,,
פרקי אבות,1,Pirke Avot,,,,,,
אנרגיה חלופית,1,Alternative Energy,,,,,,
אבק,1,Dust,,,,,,
חוויה רוחנית,1,Spiritual Experience,,,,,,
ריקוד,1,Dance,,,,,,
בלעם,1,Balaam,,,,,,
חנניה בן עזור,1,Chananiah Ben Azur,,,,,,
מיומנויות חברתיות,1,Social Skills,,,,,,
רציונלי,1,Rational,,,,,,
פשרה,1,Compromise,,,,,,
שמע ישראל,1,Shema Israel,,,,,,
"לשון הרע,",1,"Lashon Harah,",,,,,,
לאור גויים,1,l'Or Goyim,,,,,,
מקומות תעסוקה,1,Jobs,,,,,,
וולוז'ין,1,Vollozhin,,,,,,
התחלות,1,Beginnings,,,,,,
ריקוד,1,Dancing,,,,,,
תחליף,1,Surrogate,,,,,,
פגם,1,Imperfection,,,,,,
"פורים, מגילת אסתר, משנה תורה",1,"purim, megillat esther, mishneh torah",,,,,,
פוטנציאל,1,Potential,,,,,,
אקטיביזם פוליטי,1,Political Activism,,,,,,
זכות,1,Privilege,,,,,,
זכור,1,Zachor,,,,,,
זכויות אזרח,1,Civil Rights,,,,,,
מצות,1,Matzahs,,,,,,
השומרוני הטוב,1,Good Samaritan,,,,,,
צער בעלי חיים,1,Tzaar Baalei Chaim,,,,,,
בלעם,1,Billam,,,,,,
גברים,1,Men,,,,,,
הומואים,1,Gay,,,,,,
עולם יותר טוב,1,Better World,,,,,,
ניסן,1,Nisan,,,,,,
שורשים,1,Roots,,,,,,
עולים,1,Immigrants,,,,,,
אלגוריה,1,Allegory,,,,,,
בית שמאי,1,Beis Shammai,,,,,,
פורים קטן,1,Purim Kattan,,,,,,
השוויון האולטימטיבי,1,Ultimate equality,,,,,,
קין הורג את הבל,1,Cain Kills Abel,,,,,,
ממזר,1,Mamzer,,,,,,
טפת הלפרין,1,Tafat Halperin,,,,,,
הרב לורנס טרוסטר,1,Rabbi Lawrence Troster,,,,,,
הלכות עבודה זורה,1,Hilchos Avoda Zora,,,,,,
יאוש,1,Despair,,,,,,
תרמית,1,Deceit,,,,,,
"מלכים א, ג",1,Malachim a Perek 3,,,,,,
אשרה,1,Ashera Tree,,,,,,
ראובן,1,Reuben,,,,,,
רגשות,1,Emotions,,,,,,
סמיכה,1,Semicha,,,,,,
4 מינים,1,4 Species,,,,,,
מראות,1,Mirrors,,,,,,
יצר,1,Yetzer,,,,,,
פסח דורות,1,Pesach Dorot,,,,,,
פרויקט גמר,1,Final Project,,,,,,
בחירות 2016 ,1,2016 Election,,,,,,
מרחב,1,Space,,,,,,
אורתודוקסיה,1,Orthodoxy,,,,,,
אחיות,1,Sisters,,,,,,
דברים,1,d'Varim,,,,,,
בית ספר יהודי,1,Jewish Day School,,,,,,
רומנטיקה,1,romance,,,,,,
קרן ויליאם דוידסון תורה לשמה,1,William Davidson Foundation Torah Lishma,,,,,,
בת פרעה,1,Bat Pharaoh,,,,,,
הגשה,1,Submission,,,,,,
פתיחת הבית,1,Opening Home,,,,,,
עוגת גבינה,1,Cheese Cake,,,,,,
מתמטיקה,1,Math,,,,,,
אופנה,1,Fashion,,,,,,
חלבי,1,Milky,,,,,,
סכסוך ראשון,1,First Dispute,,,,,,
אפר,1,Ashes,,,,,,
"מלבי""ם",1,Malbim,,,,,,
הרפיה,1,Relaxation,,,,,,
אפל,1,Dark,,,,,,
בעיית הרע,1,Problem of Evil,,,,,,
רב פפא,1,Rav Pappa,,,,,,
אכזריות,1,Cruelty,,,,,,
אפיגנטיקה,1,Epigenetics,,,,,,
תוצאה,1,Consequence,,,,,,
שישית ואני,1,Sixth & I,,,,,,
אחשוורוש,1,Ahashverosh,,,,,,
אגדתא,1,Agadeta,,,,,,
מחנה רמה,1,Camp Ramah,,,,,,
"משנה, בבא קמא, הלכה, נזקים",1,"Mishnah, Bava Kamma, Jewish Law, Damages",,,,,,
הבל,1,Abel,,,,,,
פילוסופיה יהודית,1,Jewish Philosophy,,,,,,
עסקים כפולים,1,Double Business,,,,,,
אסטרטגיה,1,Strategy,,,,,,
מכת חושך,1,Plague of Darkness,,,,,,
אמצעים,1,Resources,,,,,,
אגו,1,Ego,,,,,,
יהדות רבנית,1,Rabbinic Judaism,,,,,,
אגן,1,Basin,,,,,,
היכלות,1,Hechalot,,,,,,
כלה,1,Kalla,,,,,,
גבולות,1,Borders,,,,,,
כוחות,1,Powers,,,,,,
מחמת הספק,1,Benefit of the Doubt,,,,,,
"שמן זית, עץ זית, אור נצחי",1,"Olive Oil, Olive Tree, Eternal Light",,,,,,
פרומר,1,Frum,,,,,,
דניאל,1,Daniel,,,,,,
התחדשות יהודית,1,Jewish Renewal,,,,,,
אורלנדו,1,Orlando,,,,,,
אוהב את השכן שלך,1,Love Your Neighbor / Fellow Man,,,,,,
תפילה מול פעולה,1,Prayer vs. Action,,,,,,
סולם יעקב,1,Jacob's Ladder,,,,,,
כיתות לימוד,1,Classrooms,,,,,,
העברת ערכים,1,Transmission of Values,,,,,,
פגיעות,1,Vulnerability,,,,,,
רעידת אדמה,1,Earthquake,,,,,,
תפיסה,1,Perception,,,,,,
רעם,1,Thunder,,,,,,
פרשת השבוע,1,Parshat Hashavua,,,,,,
דורות העתיד,1,Future Generations,,,,,,
מקום קבוע,1,Makom Kavua,,,,,,
ראה,1,Re'eh,,,,,,
נודע ביהודה,1,Noda B'Yehudah,,,,,,
סובלנות,1,Tolerance,,,,,,
שוויון,1,Equality,,,,,,
רוסי,1,Russian,,,,,,
בית דירות,1,Tenement,,,,,,
בני המן למדו תורה,1,Haman's Children Learning Torah,,,,,,
שחרית,1,Shacharit,,,,,,
"יחזקאל, עץ, ממלכה, אחדות",1,"Ezekiel, Tree, Kingdom, Unity",,,,,,
רבי הלל חיים ליוורי-ישראלי,1,Rabbi Hillel Hayyim Lavery-Yisraeli,,,,,,
כרת,1,Karet,,,,,,
שיחה,1,Conversation,,,,,,
כל ישראל ערבים זה לזה,1,Kol Yisrael Arevim Zeh La Zeh,,,,,,
הנקה,1,Breastfeeding,,,,,,
מתנות לאביונים,1,Matanot l'Evyonim,,,,,,
קטניות,1,Legumes,,,,,,
אתלטים,1,Athletes,,,,,,
פרשת פקודי,1,Parashat Pikudei,,,,,,
וארא,1,Ve'Erah,,,,,,
בריונות ברשת,1,Cyberbullying,,,,,,
סיוע רשמי לפיתוח,1,Official Development Aid,,,,,,
רבה בר בר חנה,1,Rabbah Bar Bar Hana,,,,,,
בכל דור,1,In Every Generation,,,,,,
עץ,1,Tree,,,,,,
חיים שחורים נחשבים,1,Black Lives Matter,,,,,,
נמרים,1,Leopards,,,,,,
טיש,1,Tisch,,,,,,
ראפ,1,Rap,,,,,,
חטאים יסודיים,1,Cardinal Sins,,,,,,
TYG,1,TYG,,,,,,
מנחה,1,Mincha,,,,,,
לוריאני,1,Lurianic,,,,,,
מנטליות עדרית,1,Herd Mentality,,,,,,
אח או אחות,1,Sibling,,,,,,
חרדה,1,Anxiety,,,,,,
אשת חיל,1,Ashet Chayil,,,,,,
אלף זעירא,1,Small Alef,,,,,,
הרומאים,1,Romans,,,,,,
עד,1,Testimony,,,,,,
חיי נצח,1,Eternal Life,,,,,,
זכריה,1,Zechariah,,,,,,
קהיר,1,Cairo,,,,,,
הפרדה,1,Separation,,,,,,
פמיניסט,1,Feminist,,,,,,
כי תצא,1,Ki Seitzei;,,,,,,
יצר הרע,1,Yetzer Ha-ra,,,,,,
בגדאד,1,Baghdad,,,,,,
חג פורים,1,Purim feast,,,,,,
אברהם אבי ישראל,1,Abraham Father Israel,,,,,,
ארגז חול קיץ 16,1,Summer Sandbox 16,,,,,,
טהרת המשפחה,1,Family Purety,,,,,,
משמעות בתפילה,1,Meaning in Prayer,,,,,,
האבקות,1,Wrestling,,,,,,
אבן עזרא,1,Ibn Ezra,,,,,,
ואהבת,1,V'ahavta,,,,,,
מערכת,1,System,,,,,,
הלניזם,1,Hellenism,,,,,,
דרכים קדושות להוויה,1,Sacred Ways of Being,,,,,,
הומניזם דתי,1,Religious Humanism,,,,,,
תיאולוגיה טרנסג'נדרית,1,Transgender Theology,,,,,,
רוזנצווייג,1,Rosenzweig,,,,,,
שטן,1,Satan,,,,,,
בנות אינדיגו,1,Indigo Girls,,,,,,
בנין,1,Building,,,,,,
תסמונת טורט,1,Tourettes,,,,,,
חטיבה אנגלית,1,English division,,,,,,
ארוחות,1,Meals,,,,,,
לאומיות,1,Nationalism,,,,,,
אמונה,1,Believing,,,,,,
הארץ המובטחת,1,Promised Land,,,,,,
ערך חיי אדם ,1,Value of Human Life,,,,,,
קין,1,Kayin,,,,,,
"שרה והגר, יצחק וישמעאל",1,"sarah and hagar, isaac and ishmael",,,,,,
ישראלי,1,Israeli,,,,,,
הר סיני כל יום,1,Everyday Mt. Sinai,,,,,,
קדם-ציונות,1,Pre-Zionism,,,,,,
רעיונות גדולים,1,Big Ideas,,,,,,
אדם סנדלר,1,Adam Sandler,,,,,,
נשים בערבות,1,Women in Arvut,,,,,,
דינים,1,Dinim,,,,,,
טבעת,1,Ring,,,,,,
יד המקרה,1,Coincidence,,,,,,
עקידת יצחק,1,Akeidat Yitzchak,,,,,,
התעוררות,1,Awakening,,,,,,
בחירות 2016,1,Election 2016,,,,,,
מציאת קשרים,1,Find Connectioins,,,,,,
היפ הופ,1,Hip Hop,,,,,,
בית הכנסת,1,Shul,,,,,,
חלל קדוש,1,Sacred Space,,,,,,
מהגר,1,Immigrant,,,,,,
פרשת בהעלותך,1,Parasha Behaatlocha,,,,,,
חוקי הפולחן,1,Ritual Law,,,,,,
הרצל,1,Herzl,,,,,,
התיקון השני,1,Second Amendment,,,,,,
אהיה,1,Ehyeh,,,,,,
נחמו,1,Nachamu,,,,,,
תרועה,1,Teruah,,,,,,
יוסף סולובייצ'יק,1,Joseph Soloveitchik,,,,,,
שינוי פרדיגמה,1,Paradigm Shift,,,,,,
עץ זית,1,Olive Tree,,,,,,
זוגות,1,Zugos,,,,,,
התפילין של אלוהים,1,God's teffilin,,,,,,
בנות צלפחד,1,Daughters of Tzelofchad,,,,,,
חילופי אסירים,1,Prisoner Exchange,,,,,,
גיבור על,1,Superhero,,,,,,
נשימה,1,Breath,,,,,,
צעדות,1,Marches,,,,,,
שיקום,1,Rehabilitation,,,,,,
התחממות גלובלית,1,Global Warming,,,,,,
וירא,1,Vayera,,,,,,
מסורה,1,Mesorah,,,,,,
"ד""ר שייע רוטברג",1,Dr. Shaiya Rothberg,,,,,,
תיקון ליל שבועות,1,Tikkun Leil Shavuot,,,,,,
שבת שירה,1,Shabbat Shira,,,,,,
משחק,1,Play,,,,,,
התפתחות רגשית-חברתית,1,Social-Emotional Development,,,,,,
גואל הדם,1,Blood Avengers,,,,,,
חתם סופר,1,Hatam Sofer,,,,,,
גיהנום,1,Hell,,,,,,
כל האומות,1,All the nations,,,,,,
מצורעים,1,Lepers,,,,,,
חיי דוד,1,David's Life,,,,,,
מכילתא,1,Mekhilta,,,,,,
טוב ורע,1,Good and Evil,,,,,,
מבוא,1,Introduction,,,,,,
"סוכות, סוכה, פרות, יעקב, קיימות, אקולוגיה",1,"Sukkot, Succah, Cows, Jacob, Sustainability, Ecology",,,,,,
סוריה,1,Syria,,,,,,
השוואה,1,Comparison,,,,,,
פנים,1,Faces,,,,,,
חטא המרגלים,1,Chet Hameraglim,,,,,,
מהפכה,1,Revolution,,,,,,
גירוש,1,Banish,,,,,,
"בעלי חיים, ארון, נוח",1,"Animals, Ark, Noah",,,,,,
פרק 2,1,Chapter 2,,,,,,
פרק 3,1,Chapter 3,,,,,,
ספר רות,1,Book of Ruth,,,,,,
הבנה,1,Understanding,,,,,,
נחשון בן עמינדב,1,Nachshon Ben Aminadav,,,,,,
עובדים,1,Workers,,,,,,
לויתן,1,Leviathan,,,,,,
אשת חיל,1,Eishet Chayil,,,,,,
הנשמה של דוד,1,David's Soul,,,,,,
עין דאר,1,En Dor,,,,,,
קנין תורה,1,Kinyan Ha'torah,,,,,,
פחד יצחק,1,Pachad Yitzchak,,,,,,
ליברמן,1,Lieberman,,,,,,
תכונות אברהם,1,Abraham Traits,,,,,,
מוות ותחיית המתים,1,Death and Resurrection,,,,,,
חשבון נפש,1,Chesbon Nefesh,,,,,,
שלושה רגלים,1,Shalosh Regalim,,,,,,
קבלת החלטות,1,Decision Making,,,,,,
הסתר פנים,1,Hester Panim,,,,,,
צחוק,1,Laughter,,,,,,
הברית הישנה,1,Old Testament,,,,,,
יהדות אורתודוכסית,1,Orthodox Judaism,,,,,,
יעל,1,Yael,,,,,,
שיעור,1,Shiur,,,,,,
ריפוי קווירים,1,Queer Healing,,,,,,
מוצר לדוגמה,1,Sample Product,,,,,,
גישה לידע,1,Access to Knowledge,,,,,,
מובחנות,1,Distinctiveness,,,,,,
דיפלומטיה,1,Diplomacy,,,,,,
אברך,1,Avrech,,,,,,
פולקלור,1,Folklore,,,,,,
סטריאוטיפים,1,Stereotypes,,,,,,
שגעון,1,Madness,,,,,,
הומרוס,1,Homer,,,,,,
גרים,1,Proselytes,,,,,,
מזמור ל,1,Mizmor 30,,,,,,
דיכוטומיה,1,Dichotomy,,,,,,
משנה יומית,1,Mishnah Yomit,,,,,,
אהוד,1,Ehud,,,,,,
שיבוט,1,Cloning,,,,,,
מוסר,1,Morals,,,,,,
חרם,1,Ban,,,,,,
אפקעינהו,1,Afkeinhu,,,,,,
תרומה,1,T'rumah,,,,,,
מדרש אגדה,1,Midrash Aggada,,,,,,
ר' יעקב הרצוג,1,R. Yaakov Herzog,,,,,,
חן,1,Grace,,,,,,
אדמה כבושה,1,Conquered Land,,,,,,
"י""ג מידות",1,13 Attributes,,,,,,
מבול,1,Flood,,,,,,
חוני,1,Choni,,,,,,
אוקיינוס,1,Ocean,,,,,,
תוכנית הוויה,1,Havayah Curriculum,,,,,,
מבוא לקבלה,1,Intro to Kabbalah,,,,,,
לאדינו,1,Ladino,,,,,,
סלקטיזם,1,Slacktivism,,,,,,
סקייטבורד,1,Skateboard,,,,,,
אותיות בעברית,1,Hebrew Letters,,,,,,
יציאה,1,Coming Out,,,,,,
התמעטות הלבנה,1,The diminishment of the moon,,,,,,
מהדרין,1,Mehadrin,,,,,,
השערה,1,Hypothesis,,,,,,
השתתפות בכוח העבודה,1,Involvement in the Work Force,,,,,,
תהילים יג,1,Psalm 13,,,,,,
מדעי המוח,1,Neuroscience,,,,,,
זרעים,1,Seeds,,,,,,
יואל,1,Yoel,,,,,,
מסע רוחני,1,Spiritual Journey,,,,,,
פנואל,1,Penuel,,,,,,
ואתחנן,1,V'ethanan,,,,,,
המתנה,1,Waiting,,,,,,
רדיפות,1,Persecution,,,,,,
ניקנור,1,Nikanor,,,,,,
שפתי חיים,1,Siftei Chayim,,,,,,
גיטין,1,Gittin,,,,,,
דתות לא יהודיות,1,Non-Jewish Religions,,,,,,
רגישות,1,Sensitivity,,,,,,
ניהול כעס,1,Anger Management,,,,,,
סלע עומד,1,Standing Rock,,,,,,
ארעיות,1,Impermanence,,,,,,
רוח,1,Wind,,,,,,
הקהל,1,Hakhel,,,,,,
ניצול,1,Exploitation,,,,,,
רוך,1,Softness,,,,,,
תורת הכאוס,1,Chaos Theory,,,,,,
בינאישית,1,interpersonal,,,,,,
הרב דניאל גולדפרב,1,Rabbi Daniel Goldfarb,,,,,,
מדרש רבה,1,Midrash Rabbah,,,,,,
מילולי,1,Literal,,,,,,
עשרת הדיברות,1,Aseret Hadibrot,,,,,,
אריזה,1,Packaging,,,,,,
יושקה,1,Yoshka,,,,,,
קבורה קרקעית,1,Ground Burial,,,,,,
בצלם אלוהים,1,In God's Image,,,,,,
טקסטים קשים,1,Difficult Texts,,,,,,
אחד העם,1,Ahad Ha'am,,,,,,
שופט,1,Judge,,,,,,
תכונת אברהם,1,Abraham Charachter,,,,,,
הורדת האלוהי,1,Channeling the Divine,,,,,,
יצר טוב,1,Yetzer Tov,,,,,,
תפארת,1,Tiferes,,,,,,
זימון,1,zimun,,,,,,
קהלת,1,Kohelet,,,,,,
מרטין לותר קינג,1,Martin Luther King Jr.,,,,,,
מגע,1,Touch,,,,,,
התמדה,1,Persistence,,,,,,
שינוי עצמי,1,Changing Yourself,,,,,,
אוריינות,1,Literacy,,,,,,
שפיל,1,Shpiel,,,,,,
מעורבות פוליטית,1,Political Engagement,,,,,,
שלושת האחרונים,1,Last Three,,,,,,
שדות,1,Fields,,,,,,
כיבוד אב ובם,1,Kibud Av Va'em,,,,,,
דעיכה,1,Wane,,,,,,
יחידה ביהושע,1,Unit on Yehoshua,,,,,,
אברהם אבינו,1,Abraham Patriarch Israel,,,,,,
הורדוס,1,Herod,,,,,,
אמירות פופולריות,1,Popular Sayings,,,,,,
חגי חורף,1,Winter Holidays,,,,,,
תשומת הלב,1,Attention,,,,,,
הללויה,1,Hallelujah,,,,,,
בית כנסת,1,syangogue,,,,,,
פגמים,1,Blemishes,,,,,,
המלך שאול,1,King Saul,,,,,,
ארבעה ילדים,1,Four Children,,,,,,
בנות גילמור,1,Gilmore Girls,,,,,,
יעוד,1,Calling,,,,,,
סגפנות,1,Asceticism,,,,,,
אורות,1,Oros,,,,,,
היפותזה דוקומנטרית,1,Documentary Hypothesis,,,,,,
אזן,1,Ear,,,,,,
מחזור,1,Machzor,,,,,,
טקס מעבר,1,Rite of Passage,,,,,,
משה כמנהיג,1,Moses a Leader,,,,,,
מקץ ותפוצות,1,Miketz and Diaspora,,,,,,
מקום,1,Makom,,,,,,
בהעלותך,1,Behaloscha,,,,,,
שילוח הקן,1,Shiluach Haken,,,,,,
אורתודוקסי,1,Orthodox,,,,,,
"כנפי הנשר, סיני, יוגה",1,"Eagle's Wings, Sinai, Yoga",,,,,,
יועצים לנוער,1,Youth Advisors,,,,,,
עבודה על חנוכה,1,Working on Chanuka,,,,,,
מריחואנה,1,Marijuana,,,,,,
פריקי אבות,1,Pirkey Avot,,,,,,
ציון,1,Zion,,,,,,
חודש ניסן,1,Month of Nissan,,,,,,
הרב גייל דיאמונד,1,Rabbi Gail Diamond,,,,,,
ברוטו,1,Gross,,,,,,
הרב רחומי,1,Rav Rehumi,,,,,,
דיבוקים,1,Dybbuks,,,,,,
אוננות,1,Masturbation,,,,,,
שמות ותפוצות,1,Shemot and Diaspora,,,,,,
מדינת ישראל,1,State of Israel,,,,,,
יהודית קווירית,1,Jewish Queer,,,,,,
"שבטים, שנים עשר השבטים, החניה במדבר",1,"Tribes, Twelve Tribes, Dessert Encampment",,,,,,
דגל ישראל,1,Israeli Flag,,,,,,
צמיחה,1,Growth,,,,,,
נחלות,1,Lots,,,,,,
מדע ויהדות,1,Science and Judaism,,,,,,
הרבי,1,Rebbe,,,,,,
יוכבד,1,Yocheved,,,,,,
ראש חודש סיון,1,Rosh Chodesh Sivan,,,,,,
נקודות,1,Dots,,,,,,
קרל מרקס,1,Karl Marx,,,,,,
מפלצות,1,Monsters,,,,,,
נשים בספר שופטים,1,Women in Judges,,,,,,
שמות,1,Sh'mot,,,,,,
נימוס,1,Civility,,,,,,
משאב,1,MASHAV,,,,,,
רגולציית נשק,1,Gun regulation,,,,,,
תורה תמימה,1,Torah Temima,,,,,,
מת,1,dead,,,,,,
עננים,1,Clouds,,,,,,
מענקים,1,Grants,,,,,,
מחלוקת לשם שמים,1,Machloket l'Shem Shamayim,,,,,,
מבטא,1,Pronunciation,,,,,,
השקפת עולם,1,Worldview,,,,,,
יום האישה הבינלאומי,1,International Womens Day,,,,,,
עולם הבא,1,Olam Habah,,,,,,
חופשי,1,Free,,,,,,
אותיות,1,Letters,,,,,,
נוער,1,Young Adult,,,,,,
לוחות שנה,1,Calendars,,,,,,
הלוואה,1,Loan,,,,,,
מגילת העצמאות,1,Megilat HaAtzma'ut,,,,,,
בנות צלופחד,1,Daughters of Zelophad,,,,,,
ערך עצמי,1,Self-worth,,,,,,
אדר שני,1,Adar Sheini,,,,,,
תרבות יהודית,1,jewish culture,,,,,,
שלח,1,Shlach,,,,,,
הרצאת התנועה הקונסרבטיבית 2015,1,Cons Movement Lecture June 2015,,,,,,
שירה עברית,1,Hebrew Poetry,,,,,,
קול אישה,1,Kol Isha,,,,,,
התעללות מינית,1,Sexual Abuse,,,,,,
סופרמן,1,Superman,,,,,,
שירות קהילתי,1,Community Service,,,,,,
קדושה חובה,1,Sacred Duty,,,,,,
כוח הלשון,1,Power of the Tongue,,,,,,
ציטטה,1,Citation,,,,,,
שוקולד,1,Chocolate,,,,,,
שושנה כהן,1,Shoshana Cohen,,,,,,
פיוס,1,Reconciliation,,,,,,
אסוציאציה מינית,1,Sexual Assualt,,,,,,
"מגילה יט ע""ב",1,Megillah 19b,,,,,,
דנציגר,1,Danziger,,,,,,
מוסתר,1,Hidden,,,,,,
משאבים הוריים,1,Parent Resources,,,,,,
צדיק,1,Righteous,,,,,,
טושיבה,1,Toshba,,,,,,
אהבת אלוהים,1,Loving God,,,,,,
עץ חג המולד,1,Christmas Tree,,,,,,
"חיות, קורבן, סוכות",1,"Animals, Sacrifice, Sukkot",,,,,,
בראשית כה,1,Genesis 25,,,,,,
טולקין,1,Tolkien,,,,,,
אמירה לנוכרי,1,Amira Lenochri,,,,,,
שיעור מבוא בסיסי לתלמוד,1,Basic Talmud Class Intro,,,,,,
מניעה,1,Prevention,,,,,,
החוק האמריקאי,1,United States Law,,,,,,
חיי שרה,1,Hayye Sarah,,,,,,
"שקר, אמת",1,"lying, lies, truth",,,,,,
הלוואות,1,Loans,,,,,,
שמחות,1,Simchas,,,,,,
סוגיות בנות זמננו בהלכה,1,Contemporary Issues In Halakha,,,,,,
חטיבה בוגרת,1,Upper Elementary,,,,,,
קל וחומר,1,Kal Vachomer,,,,,,
מוות על קידוש השם,1,Martyrdom,,,,,,
מעשי חסד,1,Acts of Kindness,,,,,,
עגונה,1,Aguna,,,,,,
פרשת וארא,1,Parshat Vaera,,,,,,
עשרה בטבת,1,Asarah B'tevet,,,,,,
השמש,1,The Sun,,,,,,
פוסט-ציונות,1,Post-Zionism,,,,,,
קעקוע,1,Tattoo,,,,,,
מחרשות,1,Plowshares,,,,,,
חיובי,1,Positive,,,,,,
למען השם,1,For the Sake of Heaven,,,,,,
שלושת הראשונים,1,First Three,,,,,,
אוריגנס,1,Origen,,,,,,
ר &#39;יוסף סולובייצ&#39;יק,1,R. Joseph Soloveitchik,,,,,,
פלא,1,Wonder,,,,,,
קוק,1,Kook,,,,,,
קשרים,1,Connections,,,,,,
נעשה ונשמע,1,Na'aseh V'nishmah,,,,,,
דרשוני,1,Dirshooni,,,,,,
הילארי קלינטון,1,Hilary Clinton,,,,,,
עברית,1,Hebrew,,,,,,
דוקומנטרי,1,Documentary,,,,,,
תחשוב טוב יהיה טוב,1,Think Good and It'll Be Good,,,,,,
הפרייה מלאכותית,1,Artificial Insemination,,,,,,
השתאות,1,Amazement,,,,,,
שיתוף פעולה,1,Collaboration,,,,,,
פוליטיקה של זהויות,1,Identity Politics,,,,,,
קול,1,Kol,,,,,,
תפקידים מגדריים,1,Gender Roles,,,,,,
טקסט והקשר,1,Text & Context,,,,,,
זהב כסף ונחושת,1,Gold Silver and Copper,,,,,,
חצי קדיש,1,half kaddish,,,,,,
התיאולוגיה,1,Theoology,,,,,,
אפליה,1,Discrimination,,,,,,
תורה שבעל פה,1,Torah Sheba'al Peh,,,,,,
קומראן,1,Qumran,,,,,,
פתח אוהל,1,Open Tent,,,,,,
כי תצא,1,Ki Teytzey,,,,,,
אינקויזיציה,1,Inquisition,,,,,,
כיתות ו-ח &#39;,1,Grades 6-8,,,,,,
בידי אדם,1,Human Agency,,,,,,
כבשים,1,Sheep,,,,,,
חובת הלבבות,1,Chovat Halevavot,,,,,,
יהוא,1,Yehu,,,,,,
איכה,1,Ayeka,,,,,,
קין והבל,1,Kayin V'Hevel,,,,,,
ספונטניות,1,Spontaneity,,,,,,
חוסר אמון,1,Mistrust,,,,,,
חברה קדישא,1,Chevra Kadisha,,,,,,
בורר,1,Borer,,,,,,
מתינות,1,Moderation,,,,,,
לקחן,1,Taker,,,,,,
מסירה,1,Mesira,,,,,,
עליונות הלבן,1,White Supremecy,,,,,,
גן העדן,1,Heaven,,,,,,
קורבנות אזרחיים,1,Civilian Casualties,,,,,,
זריזות,1,Zrizut,,,,,,
מצוה,1,Commandment,,,,,,
תרגום השבעים,1,Septuagint,,,,,,
בראשית,1,Breishit,,,,,,
עד דלא ידע,1,Ad d'Lo Yada,,,,,,
גואל הדם,1,Goel Hadam,,,,,,
"פסח, שיר השירים, סיני, בראשית",1,"Pesach, Shir Hashirim, Sinai, Genesis",,,,,,
צפרדעים,1,Frogs,,,,,,
אסונות טבע,1,Natural Disasters,,,,,,
חוט אדום,1,Red Thread,,,,,,
"בראשית י""א",1,Genesis 11,,,,,,
אהבת אלוהים,1,God's Love,,,,,,
באתי לגני,1,Basi Legani,,,,,,
תופעת טבע,1,Natural Phenomena,,,,,,
סאס,1,Sass,,,,,,
מוציא,1,Motzi,,,,,,
גט מעושה,1,Get Meusah,,,,,,
רצח,1,Murder,,,,,,
התאבדות,1,Suicide,,,,,,
ניסוי מחשבתי,1,thought experiment,,,,,,
דינה,1,Dinah,,,,,,
סרבן גט,1,Mesarev Get,,,,,,
השקפות עולם,1,Worldviews,,,,,,
נר ביתו,1,Ner Beiso,,,,,,
קליפות,1,Kelipot,,,,,,
מנשה,1,Menashe,,,,,,
ספר במדבר,1,Safer Bamidbar,,,,,,
מרוגז,1,Annoyed,,,,,,
מעלה המרכבה,1,Ma'aseh Merkavah,,,,,,
שליטה,1,Control,,,,,,
רבנו גרשום,1,Rabbeinu Gershom,,,,,,
ערך אנושי,1,Human Value,,,,,,
רצונו של משה,1,Moses's desire,,,,,,
עץ חיים,1,Eitz Chayim,,,,,,
אלעזר בן ערך,1,Elazar Ben Arach,,,,,,
שמאלי,1,Left-Handed,,,,,,
עטרה בטבת,1,Asara B'tevet,,,,,,
אבות דר' נתן,1,Avot d'Rabbi Natan,,,,,,
הפללה עצמית,1,Self Incrimination,,,,,,
פתאום,1,Suddenly,,,,,,
חשבון,1,Cheshbon,,,,,,
אפיקומן,1,Afikoman,,,,,,
למה פורים נקרא פורים,1,Why Is Purim Called Purim,,,,,,
אי צדק,1,Injustice,,,,,,
טעמי המקרא,1,Trope,,,,,,
סיעוד,1,Caregiving,,,,,,
אי שיוויון,1,Inequality,,,,,,
הלכות,1,Halachot,,,,,,
יצחק גרינברג,1,Yitz Greenberg,,,,,,
פסח השקפה,1,Pesach Hashkafa,,,,,,
טרמינולוגיה,1,Terminology,,,,,,
בל תשחית,1,Bal Tashcjt,,,,,,
ספרות רבנית,1,Rabbinic Literature,,,,,,
לכה דודי,1,Lecha Dodi,,,,,,
דרבנן,1,d'Rabanan,,,,,,
גזר דין מוות,1,Death Sentence,,,,,,
מולטי מדיה,1,Multi-Media,,,,,,
המתת חסד,1,Euthenasia,,,,,,
רבי משה סופר,1,Rabbi Moshe Sofer,,,,,,
שוויוניות,1,Egalitarianism,,,,,,
מוגבלות,1,Disabilities,,,,,,
כיסוי ראש,1,Kisui Rosh,,,,,,
מגלה הסתר,1,Megaleh Hester,,,,,,
אנימציה מושעית,1,Suspended Animation,,,,,,
מטורף,1,Mad,,,,,,
לבוש שק,1,Sackcloth,,,,,,
דמעות,1,Tears,,,,,,
סנה בוער,1,Burning Bush,,,,,,
יזם,1,Entrepreneur,,,,,,
בר קמצא,1,Bar Kamtza,,,,,,
טקסט קדוש,1,Sacred Text,,,,,,
בריאות ורווחה,1,Health and Wellbeing,,,,,,
בין-דתי,1,Cross-Denominational,,,,,,
בוב דילן,1,Bob Dylan,,,,,,
חיי אדם,1,Human Life,,,,,,
למידה קהילתית,1,Congregational Learning,,,,,,
מחזור הירח,1,Lunar Cycle,,,,,,
מיקרוקוסמוס,1,Microcosm,,,,,,
מצדה,1,Masada,,,,,,
טקווין,1,Tekvin,,,,,,
אתה החדש,1,New You,,,,,,
זונה,1,Prostitute,,,,,,
"להטב""ק יהודי",1,Jewish LGBTQ,,,,,,
דרמה,1,Drama,,,,,,
ברכו,1,Barchu,,,,,,
זילפה,1,Zilpah,,,,,,
תרומת איברים,1,Organ Donation,,,,,,
עמוד,1,Pillar,,,,,,
גן ילדים,1,Preschool,,,,,,
גדרות,1,Fences,,,,,,
וילך,1,Vayeilech,,,,,,
ליכטנשטיין,1,Lichtenstein,,,,,,
נבואה,1,Prophesy,,,,,,
כוהנים,1,Kohanim,,,,,,
תפוח עץ,1,Apple,,,,,,
שקר,1,Fibbing,,,,,,
כי תצא,1,Ki Teitze,,,,,,
הזדקנות,1,Aging,,,,,,
גוסס,1,Gosses,,,,,,
חזון,1,Vision,,,,,,
שפת אמת,1,Sefat Emet,,,,,,
הודי,1,Indian,,,,,,
הודו,1,India,,,,,,
מעגל נתינה,1,Giving Circle,,,,,,
אלמנות,1,Widows,,,,,,
להיות חבר טוב,1,Being a Good Friend,,,,,,
בושה,1,Shame,,,,,,
פרקים 2-24.,1,Chapters 2-24.,,,,,,
מלאכי,1,Malachi,,,,,,
שבעת המינים,1,Seven Species,,,,,,
"עמימות בתנ""ך",1,Ambiguities in Tanach,,,,,,
מחלת הסרטן,1,Cancer,,,,,,
בהר,1,Behar,,,,,,
וסת,1,Menstruation,,,,,,
סקרנות,1,Curiosity,,,,,,
מקוה,1,Mikva,,,,,,
תזונה,1,Diet,,,,,,
שמונה עשרה,1,Shemoneh Esrei,,,,,,
קול גדול,1,Kol Gadol,,,,,,
יריבות אחים,1,Sibling Rivalry,,,,,,
גיבורי על,1,Superheroes,,,,,,
מלכים א,1,Kings I,,,,,,
צריכת בשר,1,Meat Consumption,,,,,,
שמואל א,1,Shmuel I,,,,,,
דבורה,1,Deborah,,,,,,
שבת זכור,1,Shabbat Zachor,,,,,,
ספר איכה,1,Book of Lamentations,,,,,,
גלים,1,Waves,,,,,,
נטילות ידיים,1,Netillas Yadayim,,,,,,
בנות צלופחד,1,daughters of tzlofcahd,,,,,,
בראשית,1,Bereshis,,,,,,
מכנסיים,1,Pants,,,,,,
משפט אזרחי,1,Civil Law,,,,,,
קינה,1,lamentation,,,,,,
בריון,1,Bully,,,,,,
אנתרופומורפי,1,Anthropomorphic,,,,,,
נשיות,1,Femininity,,,,,,
הניסיון האחרון,1,The Last Trial,,,,,,
המעביר,1,Hamaavir,,,,,,
גהינום,1,Gehinnom,,,,,,
פרשת מסעי,1,Parshat Masei,,,,,,
מחצית השקל,1,Machtseet Hashekel,,,,,,
מקבל,1,Mekabel,,,,,,
נוסעים,1,Travelers,,,,,,
כרונולוגיה,1,Chronologicalness,,,,,,
ערכות נושא,1,Schemes,,,,,,
תחשוב טוב יהיה טוב,1,Tracht Gut Vet Zein Gut,,,,,,
יוגה,1,Yoga,,,,,,
כתרי אותיות,1,Crowns on Letters,,,,,,
ניסיון,1,Experience,,,,,,
הבדל,1,Difference,,,,,,
צינור הנפט של דקוטה,1,Dakota Access Pipeline,,,,,,
ושמרו,1,Vshamru,,,,,,
כל נוכחות,1,Omnipresence,,,,,,
עבדת בגשמיות,1,Avodat Bgashmiut,,,,,,
הרב,1,Rav,,,,,,
תשובה לשאלה אם אפשר לקצר את התפילה (בבקשה!)?,1,Response to Can We Have a Shorter Service (Please!)?,,,,,,
סחר בבני אדם,1,Human Trafficking,,,,,,
בין-דתי,1,Interfaith,,,,,,
בית ספר יסודי,1,Elementary School,,,,,,
המרת ילדים,1,Conversion of Children,,,,,,
אכפתיות,1,Caring,,,,,,
לשמה,1,Lishmah,,,,,,
שים שלום,1,Sim Shalom,,,,,,
בבא קמא,1,Bava Kama,,,,,,
גבורות ה &#39;,1,Gevurot  Hashem,,,,,,
דאגה,1,Worry,,,,,,
הכנה,1,Preparation,,,,,,
כל נדרי,1,Kol Nidre,,,,,,
בית דין,1,Beit Din,,,,,,
למידה,1,Studying,,,,,,
קן ציפור,1,Ken Tzipor,,,,,,
לבבות שבורים,1,Broken Hearts,,,,,,
בריסק,1,Brisk,,,,,,
פסטיבלים,1,Festivals,,,,,,
עשיר,1,Rich,,,,,,
מקומי,1,Local,,,,,,
זלדה,1,Zelda,,,,,,
החוג הארקטי,1,Arctic Circle,,,,,,
חיפוש,1,Seeking,,,,,,
תורה על רגל אחת,1,Torah on One Foot,,,,,,
המחלוקת הראשונה,1,First Machlokes,,,,,,
כיתות ט-יא,1,Grades 9-11,,,,,,
עצמי,1,Self,,,,,,
נרות,1,Candles,,,,,,
אלן לו,1,Alan Lew,,,,,,
ערנות,1,Vigil,,,,,,
תסמונת דאון,1,Down Syndrome,,,,,,
קוסמוס,1,Cosmos,,,,,,
אש קודש,1,Aish Kodesh,,,,,,
צורך גבוה,1,Tzorekh Gavoha,,,,,,
פנודקאות,1,Surrogate Pregnancy,,,,,,
מדידות הלכתיות,1,Halakhic Measurements,,,,,,
בית המדרש,1,Beit Midrash,,,,,,
ציפורים,1,Birds,,,,,,
מחבואים,1,Hide and Seek,,,,,,
בדיחות,1,Jokes,,,,,,
איש,1,Man,,,,,,
וידם אהרן,1,Aharon's Silence,,,,,,
אונס,1,rape,,,,,,
קיבוץ,1,Kibbutz,,,,,,
ניצול החומר,1,Utilizing the Physical,,,,,,
צפרדע,1,Frog,,,,,,
דף בית הספר,1,School Source Sheet,,,,,,
יפתח,1,Yiftach,,,,,,
חוקה,1,chuka,,,,,,
סכך,1,Sekhakh,,,,,,
רנסנס,1,Renaissance,,,,,,
"רבי שמעון בר יוחאי ל""ג בעומר",1,Rabbi Shimon Bar Yochai Lag B'Omer,,,,,,
"מלאכים, שומרים, ניו יורק, מלאכים שומרים",1,"Angels, Guardians, New York, Guardian Angels",,,,,,
למידה מחיות כשרות ולא כשרות,1,Learning From Kosher and Non-Kosher Animals,,,,,,
שבת החודש,1,Shabbat Hachodesh,,,,,,
נצחי,1,Eternal,,,,,,
אקותאולוג,1,Ecotheologian,,,,,,
אותיות מנוקדות,1,Dotted Letters,,,,,,
גילגול,1,Gilgul,,,,,,
קדיש שלם,1,full kaddish,,,,,,
בניית המשכן,1,Building the Mishkan,,,,,,
ענן,1,Cloud,,,,,,
יצורים מיתולוגיים,1,Mythical Creatures,,,,,,
י &#39;בטבת,1,Tenth of Tevet,,,,,,
אחד,1,One,,,,,,
עתיד יהודי,1,Next Jewish Future,,,,,,
עזרה חיצונית,1,Foreign Aid,,,,,,
ארבעה עולמות ,1,Four Worlds,,,,,,
כריכה,1,Binding,,,,,,
עוף,1,Chicken,,,,,,
שחייה,1,Swimming,,,,,,
מועד קטן,1,Moed Katan,,,,,,
כוונה,1,Intent,,,,,,
אנרגיה סולארית,1,Solar Power,,,,,,
ללא מטרות רווח,1,Nonprofit,,,,,,
ספרא,1,Sifra,,,,,,
תוספתא,1,Tosefta,,,,,,
אות,1,Signal,,,,,,
"בבא מציעא נט ע""ב",1,Bava Metzia 59b,,,,,,
ימים נוראים,1,High holidays,,,,,,
כוכבים,1,Stars,,,,,,
"מקורות לט""ו בשבט",1,Tu B'Shvat Sources,,,,,,
גניזה,1,Geniza,,,,,,
אלטרואיזם,1,Altrusim,,,,,,
ר &#39;אלחנן סמט,1,R. Elhanan Samet,,,,,,
זבה,1,Zava,,,,,,
שבת נחמו,1,Shabbat Nachamu,,,,,,
השפעה,1,Influence,,,,,,
יודאיקה,1,Judaica,,,,,,
פירות ראשונים,1,First Fruits,,,,,,
שאלות פרשה (מתקדם),1,Parsha Questions (Advanced),,,,,,
הקצאת משאבים,1,Resource Allocation,,,,,,
"מרים, באר, צרעת, משה",1,"Miriam, Wells, Leprosy, Moses",,,,,,
חצים,1,Arrows,,,,,,
התבודדות,1,Hisbodedus,,,,,,
סוגיות עכשוויות,1,Contemporary Issues,,,,,,
"ישראל, קורבן, פרה",1,"Israel, Sacrifice, Cow",,,,,,
קירות,1,Walls,,,,,,
קידוש החודש,1,Kiddush Hachodesh,,,,,,
יציאת מצרים,1,Yetziat Mitzraim,,,,,,
"שמות א, יא",1,Exodus 1:11,,,,,,
חמורבי,1,Hammurabi,,,,,,
לעג,1,Mockery,,,,,,
מעגל החיים,1,Lifecycle,,,,,,
משבר,1,Crisis,,,,,,
ספירה,1,count,,,,,,
ספק עצמי,1,Self-Doubt,,,,,,
כל דור ודור,1,B'chol Dor V'dor,,,,,,
השליחות של העם היהודי,1,The Mission of the Jewish People,,,,,,
תורה שבעל פה,1,Oral Law,,,,,,
"מלאך, יעקב, היאבקות",1,"Angel, Jacob, Wrestling",,,,,,
ארבעה בנים,1,Four Sons,,,,,,
תכנון,1,Planning,,,,,,
ר&#39; אהרן ליכטנשטיין,1,R. Aharon Licthenstein,,,,,,
אנוכיות,1,Self-Interest,,,,,,
יריחו,1,Jericho,,,,,,
פרשנים,1,Commentators,,,,,,
גיא בן הנם,1,Gehenna,,,,,,
מין לפני הנישואין,1,Premarital Sex,,,,,,
הגדה,1,Hagadah,,,,,,
שבע,1,Seven,,,,,,
שבטי ישראל,1,Tribes of Israel,,,,,,
תורה ומגדר,1,Torah and Gender,,,,,,
מנהגים,1,Minhagim,,,,,,
מתנגדי הפלות,1,ProLife,,,,,,
בגדי כהונה,1,Bigdei Kehuna,,,,,,
פרק ב &#39;,1,Perek Bet,,,,,,
תזמון מקראי,1,Biblical Timelining,,,,,,
איזידור רבי,1,Isidor Rabi,,,,,,
שמעון בן גמליאל,1,Shimon Ben Gamliel,,,,,,
70 לשון,1,70 Languages,,,,,,
כוונה בנרות חנוכה,1,Intention for Chanuka Candles,,,,,,
אקדחים,1,Guns,,,,,,
שרות,1,Service,,,,,,
מיתולוגיה,1,Mythology,,,,,,
עשה זאת בעצמך,1,DIY,,,,,,
חטיפה,1,Kidnapping,,,,,,
כרפס,1,Karpas,,,,,,
רבי נחמן,1,Rebbe Nachman,,,,,,
פוסט-ציונות,1,post-zionism,,,,,,
ילקוט שמעוני,1,Yalkut Shimoni,,,,,,
קידוש,1,Sanctification,,,,,,
שתיקה,1,silence,,,,,,
קללה,1,Curse,,,,,,
צעדות נשים,1,Women's Marches,,,,,,
פרשנות ספרותית,1,Literary Interpretation,,,,,,
חברה אזרחית,1,Civil Society,,,,,,
"רמח""ל",1,Ramchal,,,,,,
שבת הגדול,1,Shabbat Hagadol,,,,,,
מחלקה לשם שמים,1,Machloket Lshem Shamayim,,,,,,
ביקור חולים,1,Visiting the Sick,,,,,,
כשרות אקולוגית,1,Ecokashrut,,,,,,
שנים עשר השבטים,1,Twelve Tribes,,,,,,
חביבות,1,Kindess,,,,,,
מתושלח,1,Methuselah,,,,,,
התנהגות,1,Behavior,,,,,,
התאוששות,1,Recovery,,,,,,
הכרויות,1,Dating,,,,,,
פיצה,1,Pizza,,,,,,
משלחת,1,Delegation,,,,,,
"סוכה, פסח, עז, קורבן, לוטוס",1,"Succah, Passover, Goat, Sacrifice, Lotus",,,,,,
כפה עליהן הר כגיגית,1,Kafa Aleihem Har KeGigit,,,,,,
מטות מסעי,1,Matot Masei,,,,,,
שומר,1,Shomer,,,,,,
סנטה קלאוס,1,Santa Clause,,,,,,
רבי שמעון,1,Rabbi Shimon,,,,,,
סוגה בשושנים,1,Suga Bashoshanim,,,,,,
אליטאלק,1,EliTalk,,,,,,
עסוק,1,Busy,,,,,,
חלום,1,Dream,,,,,,
עדה,1,Congregation,,,,,,
אינטרנט,1,Internet,,,,,,
חנוכה,1,Chanucka,,,,,,
מתבונן,1,Upstander,,,,,,
צורך,1,Tzorekh,,,,,,
אור עליון,1,Ohr Elyon,,,,,,
שמירה,1,Sh'mira,,,,,,
עולם הקודש,1,Holyworld,,,,,,
אוהל גדול,1,Big Tent,,,,,,
עולם הפוך,1,Upside Down World,,,,,,
ימים נוראים,1,high holiday,,,,,,
שלמה,1,Shlomo,,,,,,
אחות-אשתו,1,Wife-Sister,,,,,,
הביטלס,1,Beatles,,,,,,
אהיה אשר אהיה,1,Ehyeh Asher Ehyeh,,,,,,
נפש חיה,1,Nefesh Chayah,,,,,,
פשיטת רגל,1,Bankruptcy,,,,,,
"פוליטיקה, מונרכיה, דמוקרטיה, נצרות",1,"Politics, Monarchy, Democracy, Christianity",,,,,,
עלייה לרגל,1,Pilgramage,,,,,,
חטא המרגלים,1,Sin of the Spies,,,,,,
זיהום,1,Pollution,,,,,,
חיי קהילה,1,Congregational Life,,,,,,
פרשת אחרי,1,Parshat Acharei,,,,,,
אלישע,1,Elisha,,,,,,
גיבורה,1,Heroine,,,,,,
ישיבת הר עציון,1,Yeshivat Har Etzion,,,,,,
חודש חדש,1,New Month,,,,,,
מבטא בתפילה,1,Accent Praying,,,,,,
סדום ועמורה,1,Sodom and Gomorrah,,,,,,
קין והבל,1,Cain and Abel,,,,,,
שילוב,1,Integration,,,,,,
הגדול הגיבור,1,HaGadol HaGibor,,,,,,
אקזיסטנציאליזם,1,Existentialism,,,,,,
העבד המעונה,1,Suffering Servant,,,,,,
שבע עשרה,1,Seventeen,,,,,,
אדם הראשון,1,Adam Harishon,,,,,,
קבלת נוכרים,1,Welcoming the Stranger,,,,,,
קדושה דסדרא,1,kedushah d'sidrah,,,,,,
שומע כעונה,1,Shomea KeOneh,,,,,,
אריך פרום,1,Erich Fromm,,,,,,
שיעורים,1,Shiurim,,,,,,
קל וחומר,1,Qal Vachomer,,,,,,
אהרון הכהן,1,Aaron Hacohen,,,,,,
בלהה,1,Bilhah,,,,,,
מערך שיעור,1,Lesson Plan,,,,,,
משקאות,1,Drinks,,,,,,
אורקלים,1,Oracles,,,,,,
כביצה,1,K'Beitzah,,,,,,
המתת חסד,1,Euthanasia,,,,,,
מעבר לדקדוקי החוק,1,Beyond the Letter of the Law,,,,,,
שמיני עצרת,1,Shmini Azteres,,,,,,
נקיטת פעולה,1,Taking Action,,,,,,
אהבת השכן,1,Love Your Neighbor,,,,,,
70 קולות,1,70 Voices,,,,,,
ויקהל,1,Vayakhel,,,,,,
בור,1,Pit,,,,,,
פרשת פרה,1,Parshat Parah,,,,,,
לואר איסט סייד,1,Lower East Side,,,,,,
גידול ילדים,1,Child Raising,,,,,,
ר' משה זבולות מרגליות,1,RaMaZ,,,,,,
תאונת דרכים,1,Car Crash,,,,,,
רוג'ר קמנץ,1,Rodger Kamenetz,,,,,,
שבעת המינים,1,Shivat Haminim,,,,,,
רצה,1,Ratzeh,,,,,,
מייקל דנציגר,1,Michael Danziger,,,,,,
ביוגרפיה,1,Biography,,,,,,
חשיבה משפטית,1,Legal Thinking,,,,,,
אחדות,1,Achdus,,,,,,
סיפורים,1,Stories,,,,,,
"אהבה, משיכה, מגנטיות, משיכהמגנטית",1,"Love, Attraction, Magnetism, Magnetic Attraction",,,,,,
ערך,1,Value,,,,,,
ממרא,1,Mamre,,,,,,
אירוסין,1,Engagement,,,,,,
מעקה,1,Parapet,,,,,,
שייה רוטברג,1,Shaiya Rothberg,,,,,,
נח אברהם איך להשוות בין נוח לאברהם?,1,Noah Abraham How Do Noah and Abraham Compare?,,,,,,
יום האב,1,Father's Day,,,,,,
יום האם,1,Mother's Day,,,,,,
מחברים,1,Authorship,,,,,,
פרקטלים,1,Fractals,,,,,,
בריתות,1,Covenants,,,,,,
המספר 7,1,The Number 7,,,,,,
"רשב""ם",1,Rashbam,,,,,,
אנא,1,Please,,,,,,
סדר פסח,1,Passover Seder,,,,,,
עידנים של מרץ,1,Ides of March,,,,,,
כל הלב,1,Wholeheartedness,,,,,,
גבורות,1,Gevurot,,,,,,
דף יומי,1,Daf Yomi,,,,,,
פרשת החודש,1,Parshat Hachodesh,,,,,,
תחומין,1,Techumin,,,,,,
חברתי,1,Social Impace,,,,,,
"מקלט, מגורים",1,"Sanctuary, Dwelling",,,,,,
קומדיה,1,Comedy,,,,,,
כלב,1,Caleb,,,,,,
מינוי מלך,1,Appointing a King,,,,,,
תיקון טעויות,1,Fixing Mistakes,,,,,,
שלום שפיגל,1,Shalom Spiegel,,,,,,
ניטל נאכט,1,Nittel Nacht,,,,,,
עיצוב ארגוני,1,Organizational Design,,,,,,
חגי,1,Chagai,,,,,,
שבת חול המועד,1,Shabbat Hol HaMoed,,,,,,
קצין דת יהודי,1,Jewish Chaplain,,,,,,
תבלינים,1,Spices,,,,,,
הנותן,1,Giver,,,,,,
דבקות,1,"Devekut,",,,,,,
מיסטי,1,Mystical,,,,,,
תחפושות,1,Costumes,,,,,,
דרכי אלוהים; רחמים; חמלה; חסד,1,God's Ways; Mercy; Compassion; Hesed,,,,,,
שמן זית,1,Olive Oil,,,,,,
מעוז צור,1,Maoz Tzur,,,,,,
פרשת עקב,1,Parashat Ekev,,,,,,
פסח,1,"Passover,",,,,,,
תפילת עמידה באנגלית,1,English Amidah,,,,,,
תרבות מערבית,1,Western Culture,,,,,,
הלבנת פנים,1,Halbanat Panim,,,,,,
סיפור אהבה,1,Love Story,,,,,,
מידות,1,MIddot,,,,,,
חורבן בית המקדש,1,Destruction of the Temple,,,,,,
חולים,1,Cholim,,,,,,
בניה,1,Construction,,,,,,
בה אנה,1,Beh Ana,,,,,,
סיטרה\א אחרא,1,Sitra Achra,,,,,,
אלישבע,1,Elisheva,,,,,,
התור של המאה,1,Turn of the Century,,,,,,
מכשפות,1,Witches,,,,,,
כושר התאוששות,1,Resilience,,,,,,
אפרים,1,Efrayim,,,,,,
תומכים בזכות להפלה,1,ProChoice,,,,,,
פה,1,Mouth,,,,,,
שמואל ב &#39;,1,Shmuel Bet,,,,,,
אור גדליהו,1,Ohr Gedaliyahu,,,,,,
קריעה,1,Kri'A,,,,,,
חוויה דתית,1,Religious Experience,,,,,,
"כבשים, מעיינות",1,"Sheep, Wells",,,,,,
סרקזם,1,Sarcasm,,,,,,
יהודי סקרן,1,"Jew Curious,",,,,,,
עבד ה',1,Servant of God,,,,,,
מולד הלבנה,1,New Moon,,,,,,
כתיב וקרי,1,Ketiv/Kere,,,,,,
טור,1,Tur,,,,,,
מידות,1,Midot,,,,,,
מוסד,1,Foundation,,,,,,
החזקות,1,Posessions,,,,,,
מקור החיים,1,life source,,,,,,
יואב,1,Yoav,,,,,,
אנשים שחורים,1,Black People,,,,,,
כרובים,1,Keruvim,,,,,,
מרדכי סילברשטיין,1,Mordecai Silverstein,,,,,,
סרמון סלאם,1,SermonSlam,,,,,,
הפרדה בין בשר וחלב,1,The REQUIRED SEPARATION BETWEEN MEAT and MILK,,,,,,
יום ניקנור,1,Yom Nikanor,,,,,,
ימים נוראים,1,Days of Awe,,,,,,
צו,1,Tzav,,,,,,
יונתן זקס,1,Jonathan Sacks,,,,,,
גרים,1,Gerim,,,,,,
מנוקד,1,Dotted,,,,,,
כספים,1,Finances,,,,,,
עירום,1,Barenness,,,,,,
תעשיה,1,Industry,,,,,,
משפיע,1,Mashpia,,,,,,
מצוקה,1,Adversity,,,,,,
נדיבות,1,Generosity,,,,,,
גיור,1,Giyur,,,,,,
מצעד נשים,1,Women's March,,,,,,
בידול,1,Differentiation,,,,,,
כישלון,1,Failure,,,,,,
בדיקות,1,Tests,,,,,,
מגילת רות,1,Megillat Ruth,,,,,,
"רד""ק",1,Radak,,,,,,
דאורייתא,1,d'Eoraisa,,,,,,
כלי נגינה,1,Musical Instruments,,,,,,
שודדי הארון האבוד,1,Raiders of the Lost Ark,,,,,,
אור לאומות,1,Light Unto the Nations,,,,,,
מלקות,1,Lashes,,,,,,
עגונות,1,Agunot,,,,,,
סמסטר א &#39;,1,Semester I,,,,,,
שלח לך,1,Sh'lach l'Cha,,,,,,
נפילה רוחנית,1,Spiritual Downfall,,,,,,
קרבן העומר,1,Korban Omer,,,,,,
טקסטים מטרידים,1,Troubling Texts,,,,,,
אדום,1,Edom,,,,,,
מעגלים,1,Circles,,,,,,
נציג,1,Delegate,,,,,,
זיכרון,1,Zikaron,,,,,,
צד שני,1,Other Side,,,,,,
תחפושת,1,Costume,,,,,,
פורים שפיל,1,Purim shpiel,,,,,,
האקדמיה על,1,Academy on High,,,,,,
שנה מעוברת,1,Leap Year,,,,,,
לא בינארי,1,Non-Binary,,,,,,
שלום עליכם,1,Shalom Aleichem,,,,,,
כוזרי,1,Kuzari,,,,,,
ההבדלה,1,Havdala,,,,,,
חברים,1,Friends,,,,,,
תני כהן,1,Tani Cohen,,,,,,
מלון,1,Hotel,,,,,,
עבודה,1,Working,,,,,,
פעילויות,1,Activities,,,,,,
מתנהג לא יפה,1,Act Up,,,,,,
שלוש השבועות,1,three oaths,,,,,,
למידה מובחנת,1,Differentiated Learning,,,,,,
להתגבר על אתגרים,1,Overcoming Challenges,,,,,,
אד טק,1,Ed Tech,,,,,,
עובר,1,Fetus,,,,,,
פוטבול,1,Football,,,,,,
מנטליות של המון,1,Crowd Mentality,,,,,,
הברית החדשה,1,New Testament,,,,,,
שפרה,1,Shifra,,,,,,
ברוך,1,Baruch,,,,,,
לפידים,1,Torches,,,,,,
יום הדין,1,yom hadin,,,,,,
מורשת,1,Legacy,,,,,,
אבנר,1,Avner,,,,,,
הגדת אש,1,Aish Haggadah,,,,,,
תשעה בא,1,ninth of Av,,,,,,
הבאר,1,The Well,,,,,,
מילה,1,Milah,,,,,,
מבול,1,Mabul,,,,,,
ציות,1,Obey,,,,,,
גודל העולם,1,Size of World,,,,,,
יוחסין,1,Lineage,,,,,,
אליטיזם,1,Elitism,,,,,,
"פרשנות חז""ל",1,Rabbinic Commentary,,,,,,
דקדוק הלכת,1,Letter of the Law,,,,,,
ברית המועצות לשעבר,1,Former Soviet Union,,,,,,
עצב,1,Sadness,,,,,,
מעשה,1,Doing,,,,,,
וילך,1,Vayelekh,,,,,,
סיום,1,Siyyum,,,,,,
קדיש יתום,1,mourner's kaddish,,,,,,
מעשי,1,Practical,,,,,,
"עשרה שירים של התנ""ך",1,Ten Songs of the Bible,,,,,,
הבמה,1,The Pulpit,,,,,,
הוסף מקורות,1,Add Sources,,,,,,
אנטי-ציונות,1,anti-zionism,,,,,,
פרשת ויקהל,1,Parshat Vayakel,,,,,,
קטורת,1,Ketores,,,,,,
נר חנוכה,1,Ner Chanukah,,,,,,
מחזורי הירח,1,Lunar Cycles,,,,,,
תרגום תפילה,1,Tefila Translation,,,,,,
בירה,1,Beer,,,,,,
מדינה,1,State,,,,,,
זיכרון קולקטיבי,1,Collective Memory,,,,,,
מנהג,1,Custom,,,,,,
רות,1,Rut,,,,,,
"באר שבע, כבשים, בארות, שבועות, אמנות, קולאז &#39;",1,"Be’ersheva, sheep, wells, oaths, art, collage",,,,,,
מטות-מסעי,1,Matot-Masei,,,,,,
בודהיזם,1,Buddhism,,,,,,
כנפי נשרים,1,Eagle's Wings,,,,,,
מלכות,1,Royalty,,,,,,
ארבעת המינים,1,Four Species,,,,,,
מארחים,1,Hosts,,,,,,
"ממשלה, כוח",1,"Government, Power",,,,,,
גניזה קהיר,1,Cairo Geniza,,,,,,
חג,1,Holiday,,,,,,
יסודות השבת,1,Basics of Shabbat,,,,,,
שכירות,1,Hiring,,,,,,
יום טוב שני,1,Yom Tov Sheini,,,,,,
סתירה,1,Conflict,,,,,,
תורה שבכתב,1,Written Torah,,,,,,
הלוויה,1,Funerals,,,,,,
זהירות,1,Beware,,,,,,
זורואסטרי,1,Zoroastrian,,,,,,
התנגשות,1,Collision,,,,,,
הוטנר,1,Hutner,,,,,,
ידיעה,1,Knowing,,,,,,
רעות,1,Companionship,,,,,,
טלית,1,Talit,,,,,,
דיני נזיקין,1,Torte Law,,,,,,
"כיתות ו&#39;-י""t",1,Grades 6-11,,,,,,
ענקים,1,Giants,,,,,,
פורטרטים,1,Portraits,,,,,,
האזנה,1,Hearken,,,,,,
מכשפה,1,Witch,,,,,,
סוכות,1,Booths,,,,,,
הסחת הדעת,1,Distraction,,,,,,
אלישע בן אבויה,1,Elisha Ben Abuya,,,,,,
זעם,1,Fury,,,,,,
הסכמה,1,Consent,,,,,,
מחיצה,1,Mechitza,,,,,,
גדעון,1,Gideon,,,,,,
מונרכיה,1,Monarchy,,,,,,
להיות שכן טוב,1,Being a Good Neighbor,,,,,,
לסביות,1,Lesbian,,,,,,
פרשנות,1,Parshanut,,,,,,
הרב יואל לוי,1,Rabbi Joel Levy,,,,,,
בן סירא,1,Ben Sira,,,,,,
יצר הרע,1,Yetzer Harah,,,,,,
"ד""ר הו",1,Dr Who,,,,,,
פסח מצרים,1,Pesach mitzrayim,,,,,,
מדרש הלכה,1,Midrash Halakha,,,,,,
הנואת דברים,1,Ona'at d'Varim,,,,,,
בנימין,1,Benjamin,,,,,,
הפרדת כוחות,1,Separation of Powers,,,,,,
גנום אנושי,1,Human Genome,,,,,,
שכר ועונש,1,Reward and Punishment,,,,,,
נשק,1,Neshek,,,,,,
רכילות,1,Rechilut,,,,,,
טביעת רגל פחמנית,1,Carbon Footprint,,,,,,
זמן,1,Zman,,,,,,
אדר ב',1,Adar 2,,,,,,
ניגון,1,Niggun,,,,,,
שחכה,1,Forget,,,,,,
שפות,1,Languages,,,,,,
קרבן,1,Korban,,,,,,
יום השואה,1,Yom Hashoah,,,,,,
הגדה של פסח,1,Haggadah Shel Pesach,,,,,,
אד למבוגרים,1,Adult Ed,,,,,,
בית הספר עברי,1,Hebrew School,,,,,,
ג &#39;וש קולפ,1,Josh Kulp,,,,,,
דיבור,1,Dibur,,,,,,
פואה,1,Puah,,,,,,
חטאים יסודיים,1,Cardinal sins,,,,,,
מסע,1,Journey,,,,,,
תשעה באב,1,9 B'Av,,,,,,
שרלוטסוויל,1,Charlottesville,,,,,,
בני ערובה,1,Hostages,,,,,,
תזריע,1,Tazria,,,,,,
חליצה,1,Halitzah,,,,,,
"פסחים סו ע""א",1,Pesachim 66a,,,,,,
מודעות,1,Awareness,,,,,,
אתיקה בעסקים,1,Business Ethics,,,,,,
למה,1,Why,,,,,,
קן ריק,1,Empty Nest,,,,,,
ליבוביץ',1,Leibowitz,,,,,,
האומות,1,Nations,,,,,,
דת השוואתית,1,Comparative Religion,,,,,,
עם הרומאים או במערה?,1,With the Romans or in the Cave?,,,,,,
יהדות תרבותית,1,Cultural Judaism,,,,,,
"שבת כא ע""ב",1,Shabbat 21b,,,,,,
ישעיהו השני,1,Deutero-Isaiah,,,,,,
משנה תורה,1,Mishneg Torah,,,,,,
אביי,1,Abaye,,,,,,
תענית,1,Fast,,,,,,
צפייה,1,Observe,,,,,,
אביב,1,Spring,,,,,,
תרגול,1,Practice,,,,,,
מטפלת,1,Caretaking,,,,,,
הכנה לתפילה,1,Preparation for Prayer,,,,,,
נדב,1,Nadav,,,,,,
פילאנתרופיה,1,Philanthropy,,,,,,
השקפה,1,Hashkafa,,,,,,
שימור,1,Conservation,,,,,,
נחמן מברסלב,1,Nachman of Breslov,,,,,,
חוב,1,Debt,,,,,,
"י""ז תמוז",1,17th of Tammuz,,,,,,
אמה גולדמן,1,Emma Goldman,,,,,,
ר' צדוק,1,Rav Tzadok,,,,,,
כתובה,1,Ketubah,,,,,,
העלאת יד,1,Raising Hand,,,,,,
"דנ""א",1,DNA,,,,,,
בא,1,Bo,,,,,,
בית הלל,1,Beis Hillel,,,,,,
מומרים,1,Converts,,,,,,
כיור,1,Kiyor,,,,,,
נעמי,1,Naomi,,,,,,
שבטים,1,Tribes,,,,,,
ים סוף,1,Red Sea,,,,,,
נבחר,1,Chosen,,,,,,
בנות,1,Daughters,,,,,,
עף ברוח,1,Blowin' in the Wind,,,,,,
יכולת,1,Ability,,,,,,
טקסטים יהודיים,1,Jewish Texts,,,,,,
ספירת,1,sefirat,,,,,,
צער בעלי חיים,1,Tsaar Baaley Hayyim,,,,,,
רבי יהושע,1,Rabbi Joshua,,,,,,
נביאות,1,Prophetesses,,,,,,
ליל כל הקדושים,1,Halloween,,,,,,
ספר הישר,1,Sefer Hayashar,,,,,,
שיער,1,Hair,,,,,,
עסוקה,1,Busyness,,,,,,
ארון הקודש,1,Ark of the Covenent,,,,,,
תוכחה,1,Tochecha,,,,,,
יהדות וליברליזם,1,Judaism and Liberalism,,,,,,
בתים,1,Homes,,,,,,
דרכי שלום,1,Darchei Shalom,,,,,,
אביהו,1,Avihu,,,,,,
גמילות חסידים,1,Gemillut Chassadim,,,,,,
ימים נוראים,1,high holidays,,,,,,
ספר איוב,1,Book of Job,Job,,,,,
לתקשר,1,Communicate,,,,,,
תשוקה,1,Passion,,,,,,
הנצרות הקדומה,1,Early Christianity,,,,,,
חג המולד,1,Christmas,,,,,,
ירושה באמצעותה אם,1,Matrilineal Descent,,,,,,
"צה""ל",1,IDF,,,,,,
הכלות,1,Hekhalot,,,,,,
לא לעמוד מנגד,1,Not Stand Idly By,,,,,,
אכילה מודעת,1,Conscious Eating,,,,,,
שיווק,1,Marketing,,,,,,
מסורת שבעל פה,1,Oral Tradition,,,,,,
רב דימי,1,Rav Dimi,,,,,,
הדגמה,1,Demo,,,,,,
ירמולקה,1,Yarmulkah,,,,,,
דגל,1,Flag,,,,,,
אכדית,1,Akkadian,,,,,,
טוטליטריות,1,Totalitarianism,,,,,,
בראשית רבה,1,Bereshit Rabbah,,,,,,
כד הקמל,1,Kad Hakemach,,,,,,
בעל זבוב,1,Lord of the Flies,,,,,,
ספר במדבר,1,Sefer Bemidbar,,,,,,
דברים,1,D'varim,,,,,,
כלי נגינה מקראיים,1,Biblical Instruments,,,,,,
מצח,1,Brow,,,,,,
היקום הגיאוצנטרי,1,Geocentric Universe,,,,,,
מצווה,1,Mitzvah,,,,,,
דונג,1,Wax,,,,,,
מבקר,1,Critic,,,,,,
חידון,1,Chidon,,,,,,
ישו,1,Jesus,,,,,,
הספד,1,Eulogy,,,,,,
עשרת הדיברות,1,10 Commandments,,,,,,
האם התורה צריכה להיות בחירה,1,Should Torah Be a Choice,,,,,,
"תהילים קכ""א",1,Psalm 121,,,,,,
דו-שיח בין-דתי,1,Interfaith Dialogue,,,,,,
תזה,1,Thesis,,,,,,
הקוסמולוגיה המקראית,1,Biblical Cosmology,,,,,,
כיסוי הראש,1,Head Cover,,,,,,
"תחרות התנ""ך הלאומית של ארה""ב",1,US National Bible Contest,,,,,,
קניבליות,1,Cannibalism,,,,,,
יהושע בן לוי,1,Joshua Ben Levi,,,,,,
סימן,1,Sign,,,,,,
מזבח,1,Altar,,,,,,
התפתחות הילד,1,Child development,,,,,,
יודע הכל,1,Omniscient,,,,,,
רצח אח,1,Fratricide,,,,,,
בל תשחית,1,Baal Tashhit,,,,,,
כללים,1,Rules,,,,,,
בבל,1,Bavel,,,,,,
חיבורים,1,Interconnection,,,,,,
זקן,1,Zaken,,,,,,
תכנות,1,Programming,,,,,,
סקרנות,1,Sakranut,,,,,,
גנטיקה,1,Genetics,,,,,,
בני ישראל,1,Bnei Yisrael,,,,,,
"פסח, עז, קורבן, מצרים, לוטוס",1,"Passover, Goat, Sacrifice, Egypt, Lotus",,,,,,
ערכים יהודיים,1,Jewish Values,,,,,,
אסלאם,1,Islam,,,,,,
כרובים,1,Cherubim,,,,,,
יתומים,1,Orphans,,,,,,
בנייה,1,Build,,,,,,
ר &#39;יהודה עמיטל,1,R. Yehuda Amital,,,,,,
פנטזיה,1,fantasy,,,,,,
תפילות,1,Prayers,,,,,,
ביקורת,1,Criticism,,,,,,